filename,genre,chroma_stft_mean,chroma_stft_var,rms_mean,rms_var,spectral_centroid_mean,spectral_centroid_var,spectral_bandwidth_mean,spectral_bandwidth_var,rolloff_mean,rolloff_var,zero_crossing_rate_mean,zero_crossing_rate_var,harmony_mean,harmony_var,perceptr_mean,perceptr_var,tempo,mfcc1_mean,mfcc1_var,mfcc2_mean,mfcc2_var,mfcc3_mean,mfcc3_var,mfcc4_mean,mfcc4_var,mfcc5_mean,mfcc5_var,mfcc6_mean,mfcc6_var,mfcc7_mean,mfcc7_var,mfcc8_mean,mfcc8_var,mfcc9_mean,mfcc9_var,mfcc10_mean,mfcc10_var,mfcc11_mean,mfcc11_var,mfcc12_mean,mfcc12_var,mfcc13_mean,mfcc13_var,mfcc14_mean,mfcc14_var,mfcc15_mean,mfcc15_var,mfcc16_mean,mfcc16_var,mfcc17_mean,mfcc17_var,mfcc18_mean,mfcc18_var,mfcc19_mean,mfcc19_var,mfcc20_mean,mfcc20_var
Copy of blues4.mp3,blues,0.30019796,0.114087336,0.14469123,0.0072721196,1126.176269,886069.1332,1615.865408,929871.1238,2130.895448,5047504.92,0.02278009657,0.0004016554951,0.12950285,0.0051159183,0.07150125963,0.04413437475,139.6748311,-294.459,8344.193,129.44298,1616.3556,23.655088,1903.8486,37.437916,616.5312,29.384651,279.26166,19.464191,178.69684,8.463981,134.81299,4.6051645,92.5737,-2.0651152,104.75492,1.1431326,75.055855,3.8643913,55.413216,1.6510097,73.73164,-1.1561925,89.1347,1.0592088,85.630356,6.2763786,115.43242,4.179262,190.86156,3.452106,173.48611,-0.40291008,77.55182,-1.7615759,67.41757,-2.6973267,73.97668
Copy of blues10.mp3,blues,0.36113626,0.10331269,0.110409,0.0025111954,861.7104827,102805.5686,1657.731586,305207.38,1292.975515,524063.4252,0.01529091283,2.88E-05,0.09440678,0.001448289,0.03306136821,0.01588622846,112.3471467,-305.80817,2408.233,177.29688,476.33002,28.001348,280.06952,27.968042,224.64299,12.915641,114.06879,18.188465,100.69128,12.175859,90.34445,6.4424024,71.8366,0.27064285,48.899857,-4.4930015,59.43376,-5.0316153,55.276375,-4.464348,59.167847,-4.205468,44.48726,-3.4586086,70.11834,-2.7467313,46.234463,-6.9800177,45.09239,-6.576747,50.87876,-5.80527,47.97652,-4.2164245,43.57212,-7.190184,71.14927
Copy of blues5.mp3,blues,0.4320793,0.0832388,0.15385155,0.0045336196,1619.365002,551956.8242,2558.907454,732200.5575,3266.10525,4557639.336,0.03013606116,0.0003088622696,0.12357724,0.002790085,0.07368250523,0.02572626743,120.1853198,-199.15857,6280.434,175.17436,824.0329,-6.777628,600.64185,40.293526,291.64752,9.339081,189.51431,12.633578,168.77022,-9.993764,112.6451,9.5950775,213.20578,-0.1425897,85.491974,2.079049,100.52826,-7.8418016,59.07988,-0.33225724,64.69203,-8.65117,39.89385,0.8331557,65.856445,-6.0530868,53.020836,1.0737953,42.034275,-5.0129976,41.18495,-4.371581,58.091476,-7.5287075,42.638268,-6.2466116,42.48304
Copy of blues8.mp3,blues,0.39217934,0.101961404,0.091587536,0.004948827,1088.511304,1181170.114,1373.013324,1054245.983,2123.262161,5634430.709,0.02242352276,0.0006150674182,0.07957802,0.0038223946,0.01671924923,0.0500472304,126.0480183,-346.6626,11842.058,158.90623,2417.0527,25.908478,2503.2227,28.841969,679.6594,16.100998,335.33804,13.019232,250.27965,0.270359,106.93515,0.12616222,115.569336,-2.860423,114.89,-3.1505587,131.19838,-4.3597546,105.967834,-4.345462,77.36417,-3.48335,78.82471,-6.2058797,90.1769,-6.8302937,97.91194,-9.477282,65.72779,-8.6626005,71.52292,-8.728339,59.51187,-5.421875,58.732506,-5.6920195,51.2433
Copy of blues9.mp3,blues,0.3708499,0.118610576,0.098804206,0.005693206,1152.785633,1691029.089,1480.333999,1633244.085,2185.736783,7837054.108,0.02470808944,0.001249119504,0.08938056,0.004997744,0.07667820231,0.05171149564,172.265625,-373.34167,7839.3677,118.45795,1689.462,34.83612,1467.1039,32.06414,698.807,22.125341,245.52145,14.500269,209.42497,1.0336694,284.44528,4.329385,244.76093,-2.1331873,168.15341,2.3861544,168.71744,4.3099723,118.72617,10.61069,122.07856,10.358723,128.93983,6.83498,157.74376,8.907009,215.6072,6.5093575,224.4556,1.8949058,191.96399,-3.0077672,275.37564,-1.3912642,185.7256,-3.3601804,159.16391
Copy of blues3.mp3,blues,0.32986102,0.11168869,0.19808719,0.006700792,1789.446362,1665895.693,2709.049751,1363317.353,3812.543613,13008303.84,0.02974131676,0.00079469961,0.18018544,0.005028094,0.05809322037,0.05209468662,75.99954044,-243.89754,6411.6743,138.10513,1156.0306,12.46094,1465.4814,42.30098,451.75775,27.812836,536.935,31.586143,231.19179,-4.1247883,199.47551,11.936456,121.21747,-1.2450712,109.93397,10.489245,69.786194,2.319238,64.782906,1.4477762,60.457382,-0.8307291,68.44682,-4.0827603,61.645184,0.7971568,61.618156,-2.6996202,84.34921,8.649172,142.73622,3.7591612,233.13931,10.541156,254.89546,3.3455882,231.76889
Copy of blues7.mp3,blues,0.39215875,0.08406938,0.101641156,0.0028232823,1393.873909,257635.9232,1340.67438,78238.70094,2827.824567,864235.6025,0.05574418295,0.0009490694818,0.087027475,0.0017452145,0.05032369076,0.05305062821,129.1992188,-275.95892,5203.286,206.15596,1023.554,-45.487465,1225.0035,23.703905,360.08704,48.250664,181.49194,-6.9993076,205.11745,1.5167786,49.34487,12.074596,83.42518,-7.4026084,89.77753,-7.6773367,56.53812,2.6587324,59.36721,-7.262251,41.753796,-5.8406415,75.79007,-0.5417542,71.89714,-15.456953,71.68874,-16.539358,61.829807,-3.489429,66.67233,,114.36529,-2.51595,129.26547,-5.1683655,103.8458
Copy of blues6.mp3,blues,0.4050252,0.100114666,0.31219175,0.011932254,1294.383887,551341.7387,1928.811724,733400.5406,2615.06752,3242108.417,0.02208225498,0.0002391838266,0.27761403,0.011989131,0.04741087226,0.02274913902,166.7086694,-161.90813,4155.8555,188.90295,1055.6373,-10.175333,914.2629,30.61663,304.368,19.687946,419.04507,8.873762,171.37537,2.6103241,78.717804,4.1588545,81.60233,-5.615876,74.379005,0.2845832,57.77567,5.9480925,55.88824,-1.6759821,51.758816,-5.949458,41.178635,0.6826125,34.101906,-0.40708154,32.054485,-10.112813,31.252192,-4.4359293,30.624208,5.725892,36.741875,-0.16864552,35.839394,-6.273702,31.380512
Copy of blues2.mp3,blues,0.37294966,0.100634515,0.109652184,0.00324757,2297.297633,1710036.852,2916.616554,914600.1128,4937.995141,8584007.409,0.04230718937,0.001492650662,0.093828976,0.002255603,-0.04400691268,0.02948649071,156.6051136,-251.59116,6433.8203,119.39358,1157.8239,-11.783428,592.82227,53.03159,276.27048,13.106463,370.69748,32.80688,149.09717,8.521625,217.7502,19.85357,110.71474,2.6260052,112.41723,1.1952362,113.87674,0.803351,108.22776,6.6231823,137.17209,-4.0025115,172.84996,-1.5190825,140.16113,0.5462198,91.571556,-2.596214,157.04564,-4.016453,208.73848,-9.081863,111.549225,-4.874921,121.1116,-12.078151,98.189545
Copy of blues1.mp3,blues,0.33408654,0.11213457,0.17471455,0.0054062945,1584.488632,1023861.582,2449.226082,1807532.44,3323.304904,9784577.511,0.02815364684,0.0003346810904,0.15054952,0.004131721,0.03969350642,0.0283012057,161.4990234,-241.2906,7118.762,156.98785,1271.3394,16.10556,1556.391,29.827309,423.0922,22.895744,300.8001,19.914503,206.03749,-1.4976176,186.99742,11.937045,181.95409,-5.746182,146.87315,9.025982,180.76927,-0.0014223979,155.88522,4.7685995,112.0868,-3.128427,117.496544,-2.5521379,118.59155,-1.4329311,106.58181,-6.752781,85.630356,0.85549825,136.14185,-2.5976357,156.25702,0.2635346,95.76153,-1.8652076,110.48839
Copy of classical1.mp3,classical,0.3435033,0.105327725,0.027307132,0.0015237442,952.4376344,468848.6047,1518.73798,826099.4912,1674.748206,2847140.65,0.01783095794,0.0002212534731,0.022884091,0.0008560943,0.05319968814,0.0206588066,161.4990234,-441.18008,12401.729,117.25544,4325.4497,23.243494,1382.3684,17.055376,462.7782,12.249423,222.77136,1.3364072,154.66345,-3.8255856,144.78052,-1.3651385,95.901146,-3.0865464,112.60809,-4.5526476,102.52468,-4.607154,73.26387,-7.3302913,75.92481,-8.571706,71.669945,-7.944001,52.384815,-6.9757075,41.94599,-5.2820396,32.371,-2.8983967,28.663687,-3.52133,26.450024,-3.3981636,26.514025,-4.637919,29.581158
Copy of classical2.mp3,classical,0.29191208,0.098296784,0.05915464,0.0012418105,817.1848437,438070.1866,1397.025215,780323.7673,1381.658312,2198408.749,0.01637499546,0.0002484058312,0.056838255,0.0011855795,-0.0002947017198,0.05414805547,139.6748311,-380.27396,7057.107,147.54346,3946.8486,24.912968,464.73694,12.606923,210.51926,15.590541,177.0065,15.710965,114.60797,6.2859497,64.943634,3.7990882,67.40516,-4.2811027,70.00011,-8.612403,101.228065,-7.3959274,72.96238,-9.121664,59.84434,-11.573987,75.6206,-12.151343,76.815155,-5.6513333,69.63422,-2.7512612,60.441097,-7.905556,74.00694,-10.315043,88.046135,-5.637554,54.85371,-2.1257517,59.895573
Copy of classical7.mp3,classical,0.283462,0.09785383,0.041030627,0.0011878196,785.7094268,205779.172,1106.329403,368267.5844,1225.425923,962485.0144,0.02139102711,0.0001581301592,0.039096188,0.0011374926,0.0466339831,0.03248750759,103.359375,-403.85904,5251.4517,147.91373,2934.8672,33.55852,625.60785,12.165103,164.30063,10.95878,116.519806,5.273923,74.4216,-3.3667548,68.98278,-5.776581,55.87223,-5.433782,64.01617,-11.673517,106.9583,-11.433417,124.23931,-9.108757,138.39459,-7.151677,130.70763,-6.3466735,102.627815,-8.938109,102.759796,-10.8612795,143.1713,-10.407921,97.21968,-4.725825,55.587208,-0.5956755,52.623184,0.30954987,52.28187
Copy of classical18.mp3,classical,0.31424633,0.100148484,0.03843926,0.0004466571,563.2018527,22895.61982,743.0210888,89060.94404,884.5113181,52185.55082,0.01742034062,3.74E-05,0.035764515,0.00043186813,0.01924240168,0.02938659129,139.6748311,-423.58945,1750.8677,182.95605,765.4777,60.45165,474.26355,8.888314,154.74767,3.6789136,78.81864,1.25912,51.827763,-2.8264549,65.40429,-1.3180513,52.731583,5.6801753,56.84006,7.009167,58.13362,3.0690777,56.79641,0.9854773,40.622715,-3.2758324,63.616745,-8.575435,64.6701,-8.337147,45.526016,-6.2901764,50.0619,-4.90722,62.88979,-4.043797,85.426994,-5.335528,76.53408,-4.7866383,74.677315
Copy of classical6.mp3,classical,0.47232985,0.10245129,0.017697625,0.00032471414,1802.127218,1788928.792,2499.956188,2414342.688,4418.123284,16170652.44,0.03270766314,0.0004062019119,0.016217662,0.00027388395,0.06469666409,0.02229642338,120.1853198,-526.5924,9124.153,151.19218,5102.712,44.80099,376.03934,16.850502,172.94865,7.057822,66.80317,10.29029,56.837837,4.0073323,67.312805,1.5255078,72.08406,1.2071089,56.640553,-2.0392432,54.628433,-0.89750516,47.78891,-3.5223377,56.290253,-2.3017473,58.006065,-1.040351,40.58882,-2.0381362,31.745121,-2.615703,39.272045,-4.0595303,39.461277,-3.9136596,41.461426,-3.6083124,31.09323,-2.4310362,28.201796
Copy of classical5.mp3,classical,0.4168574,0.09483317,0.03354444,0.00019170094,596.3448991,52113.1375,871.0128209,97370.53548,997.9106324,219886.0882,0.01461480203,4.16E-05,0.031746205,0.00017364435,0.01952015983,0.04738190542,107.6660156,-441.9135,1783.3036,194.1271,526.45416,43.829224,560.59015,10.928971,185.0623,8.379472,93.34538,2.2711744,91.81001,8.148756,90.07356,12.379792,61.778976,5.306534,39.392937,-7.1440845,43.224808,-7.789078,64.29548,-4.1652913,51.561283,-5.554915,57.562637,-10.943776,56.43721,-18.211945,42.010494,-14.000848,47.28646,-7.553579,40.063023,-9.345904,41.043278,-5.8906727,47.764744,-2.578202,56.897583
Copy of classical8.mp3,classical,0.33132976,0.09243308,0.030477362,0.00041389946,2091.390275,1288776.048,3085.835842,693075.3556,4031.82562,9217614.093,0.03995516278,0.000738082075,0.027954314,0.00035825282,0.0630710633,0.02833597118,114.84375,-369.26,3752.9775,156.56529,1644.3496,12.07945,336.23788,22.821194,169.13141,-7.7624087,80.002235,17.284134,51.421234,-11.103256,62.5035,6.2795086,62.63973,-10.368164,80.74025,6.734349,48.568775,-3.9591072,56.55417,4.0819488,60.13489,1.516535,52.628723,2.3471146,81.49272,-0.7240027,87.92081,-2.717412,73.47801,-2.9135742,82.18312,-10.7364025,89.27772,-5.075103,82.37954,-8.096928,75.62976
Copy of classical9.mp3,classical,0.33089548,0.09878083,0.077687174,0.0025838946,777.6714888,146925.8708,1135.973839,392021.9752,1290.633862,1102957.5,0.0208876288,4.29E-05,0.07291192,0.0023308685,0.04131445101,0.02844915305,132.5120192,-342.31622,4263.031,183.40382,1763.512,43.496464,849.8586,3.0253098,283.60623,10.957316,123.37236,8.430191,67.948326,-4.749749,76.65103,-7.718771,57.134186,-7.2818575,65.25957,-9.342143,49.0596,-9.43796,48.414753,-5.1765776,54.887093,-1.7858849,44.909813,-1.2092665,52.93446,-2.104336,65.30281,-2.7764344,50.76209,-2.393621,43.034527,-5.0006313,37.826923,-7.741065,51.89692,-6.3474,66.6379
Copy of classical4.mp3,classical,0.28928065,0.09923005,0.04033979,0.0011545675,530.9412647,40254.72061,742.7517581,90962.23186,768.053689,189581.9777,0.01711044075,3.50E-05,0.037561115,0.0010341353,0.02270952357,0.03353789228,114.84375,-428.75223,3476.3994,154.42091,2014.1947,65.08989,554.4651,23.125698,375.8661,16.062542,86.20819,8.594582,52.876686,-0.29663375,66.64486,-3.8955803,57.962708,-4.151625,58.386112,-4.885724,65.73372,-6.6279125,53.308655,-7.4062023,45.91324,-6.5866647,43.41724,-5.4592876,59.464535,-4.2911696,75.50628,-3.0560968,93.28674,-2.7188158,114.840195,-2.642471,111.03623,-0.9150249,119.38046,2.0469546,122.05113
Copy of classical3.mp3,classical,0.32272768,0.09889545,0.04959668,0.00056447653,681.3925168,60093.60661,1031.31055,157721.4369,1055.318619,187294.8109,0.01756508653,5.33E-05,0.046010125,0.00053497957,0.027263215,0.01762944509,123.046875,-388.7769,3230.8901,189.95589,1972.0254,31.766197,422.0801,4.732913,138.97371,11.383936,93.55839,5.1014395,84.83806,2.5784738,66.01992,-0.5525814,66.75683,-6.319316,59.82895,-9.334752,48.7933,-10.212776,50.52598,-8.627579,54.248257,-5.5847335,54.937305,-5.4070654,85.0395,-4.103096,60.549755,-5.250597,54.671005,-8.162975,58.88211,-6.2378592,66.99509,-6.675088,64.06984,-7.566046,68.85604
Copy of classical10.mp3,classical,0.41258794,0.10026529,0.021907762,0.0003152127,1317.255289,414618.5236,1815.743224,350801.1225,2635.677639,4077553.42,0.0354053359,0.0003458694618,0.019978737,0.00026059177,0.03602909251,0.03134107765,107.1428571,-419.67267,6363.6387,160.80544,1718.0248,8.596783,467.1008,25.85497,118.537704,-7.1494703,111.31189,12.510971,58.845665,-3.4116344,47.766197,1.697758,38.713676,0.9200353,41.308975,-3.6002347,49.71664,6.9185357,71.254944,-3.1554072,52.354,0.5869518,50.875755,-4.7543006,73.84537,-2.0475013,74.32869,-5.689387,100.75964,-6.818856,68.59408,-4.695413,62.762634,-4.9931974,50.588535,-0.633465,51.981594
Copy of classical14.mp3,classical,0.17454165,0.08108108,0.021450464,0.0009987117,620.439134,396313.0525,853.6936548,761985.7383,1071.960185,2236969.542,0.01603977451,0.0002201748004,0.02023806,0.0008826284,0.04446672124,0.04466499514,103.359375,-492.28235,8142.316,88.61167,6361.197,32.187405,1138.362,8.971392,359.42303,3.6976836,90.50862,-0.71211946,51.83577,-4.263829,51.71473,-5.305428,48.39894,-5.6063623,46.776295,-6.471781,58.85278,-7.6673083,84.827965,-7.510984,90.66716,-6.004736,90.3853,-4.884498,95.21628,-4.1047153,86.54991,-2.4928167,72.46203,-0.41479298,55.493904,0.72594976,46.62464,1.4607131,45.594597,1.6577051,29.023432
Copy of classical17.mp3,classical,0.27331406,0.09534442,0.07986307,0.0027676823,530.5028802,161369.7526,702.2023984,248291.4672,803.1951432,753027.8819,0.01638293192,0.0001225597854,0.07593416,0.0025328677,-0.001072302301,0.05945625769,172.265625,-386.92517,5981.698,151.21068,4857.1465,50.525936,1048.576,15.0600605,275.78076,12.835113,121.94484,5.6830115,75.254234,-3.2515244,68.73707,-6.905001,64.41635,-8.405327,69.41458,-11.346145,81.67183,-13.050905,82.64167,-12.827546,74.719894,-9.369307,81.76786,-3.296742,54.244614,0.20889221,51.845623,-1.4398322,69.56023,-5.127299,93.376236,-6.4182105,118.98007,-6.2903414,91.773994,-6.7480726,68.64517
Copy of classical12.mp3,classical,0.29791325,0.095186956,0.039594814,0.0022180749,677.4374315,120876.2867,893.7197554,212533.8159,1140.359771,590433.5372,0.01705186212,9.74E-05,0.037504844,0.0021549226,0.0106171812,0.0503138148,114.84375,-399.09705,5410.849,137.10017,3205.6594,34.3285,836.0476,9.734632,149.32275,10.563362,102.509346,-0.087872535,69.25905,-5.804516,63.388195,-5.781938,60.398365,-5.3668747,68.09473,-5.429819,61.71032,-7.3564954,58.29947,-10.146189,62.246452,-11.08906,61.53738,-11.38933,61.443874,-11.040678,80.00833,-7.1832013,64.04229,-2.6905532,75.696526,-1.3917878,102.969536,-1.7258278,79.71042,-3.285552,71.598175
Copy of classical15.mp3,classical,0.3186818,0.106533594,0.052176166,0.0015881096,527.342732,29516.93241,737.851615,207707.8757,779.0952889,92704.76663,0.01676822816,3.41E-05,0.04950063,0.0014688348,0.01357646972,0.03072497892,132.5120192,-409.18924,2813.7236,155.80049,1822.5972,71.388306,403.55627,24.789467,288.23715,8.893175,114.211266,-2.1908853,68.73626,-7.8725414,61.923836,-5.533113,66.35071,-0.6012071,46.251377,1.9468304,39.33118,-0.32383677,57.371,-5.579874,58.20138,-10.378172,52.418102,-13.494966,64.15447,-13.8607,61.828674,-9.619802,51.606117,-2.3586805,71.95518,3.727238,72.16886,6.452506,78.64441,5.965377,87.71904
Copy of classical13.mp3,classical,0.30532,0.09377521,0.06270299,0.0011904334,845.6224819,142388.8147,1071.72614,223284.8705,1319.542021,1202412.222,0.02613873083,6.30E-05,0.056861736,0.0010150189,0.01029113719,0.03237884015,135.9991776,-358.61584,2404.3757,200.77414,1193.2146,34.721397,393.67163,0.47018424,167.39595,4.0602484,67.256165,-4.340884,59.38944,-9.946571,73.134605,-10.469851,57.31784,-6.645514,62.155743,-7.220515,52.69768,-5.7340226,69.32811,-0.3299191,64.5174,2.2083745,56.640167,0.21693815,67.29121,-3.8139331,65.48789,-4.558946,71.55983,-4.802449,96.22672,-5.0744085,99.951416,-6.4496813,97.13492,-8.3682165,77.62357
Copy of classical11.mp3,classical,0.26257217,0.09943474,0.08640663,0.0070908526,894.804683,682477.0128,1475.263409,982713.6407,1463.132819,4454839.276,0.02099590479,0.0002983602761,0.08328984,0.0069193183,0.06126171095,0.06119093813,112.3471467,-370.9619,7040.4116,128.57559,4496.921,40.36084,820.1647,17.128838,217.04143,14.295218,132.25566,11.181125,86.43559,3.2748759,62.983746,-2.3239882,56.14909,-7.1973805,82.66113,-8.459804,74.713936,-8.466219,70.145805,-8.21805,88.43064,-6.2096887,92.72555,-4.0844355,92.95618,-0.51851565,88.885765,1.476098,101.04613,-1.2682313,113.023605,-5.934319,119.38471,-6.126278,90.473175,-4.697941,79.523
Copy of classical16.mp3,classical,0.32082042,0.097212024,0.09270917,0.0029697877,1150.786122,323977.2467,2001.220931,394844.8882,1699.106392,2907038.655,0.02435019289,0.0002041331559,0.08766955,0.0028960495,0.05397974505,0.02070510192,132.5120192,-302.62772,2179.758,186.98578,953.88495,25.375069,281.9896,5.2436404,85.75963,1.6210511,49.664505,-1.6740878,56.16641,-16.928896,65.402275,-5.024993,38.14701,-2.2395272,48.484676,-2.2505918,37.26339,-5.6325297,44.21052,-6.839837,67.1691,-4.651402,56.673664,-3.680232,55.981045,-9.707421,64.18982,-14.427776,64.23792,-7.0649505,60.802376,-8.1079,50.006374,-6.3562593,45.177536,-7.397451,45.44755
Copy of country7.mp3,country,0.35428876,0.09921614,0.112144955,0.0070874374,1839.78875,1383954.524,2054.995821,1411161.751,3647.819609,5798205.949,0.05172436599,0.001577776548,0.0814764,0.0037589576,0.02070665192,0.008173397742,95.703125,-252.67552,26687.758,123.395996,4696.1655,-28.439526,834.61694,36.960007,938.2231,3.2328687,261.18576,12.238585,157.24857,-9.242002,126.51746,6.344427,167.04654,0.16045679,91.59426,1.8429792,70.724915,2.116029,126.07833,0.81440383,50.073284,1.2717037,62.12194,-2.8961132,54.417248,0.5975163,56.985622,-0.9004613,41.898323,0.7325919,37.4931,-0.8883176,36.702538,2.308918,42.19518,-2.2771575,51.828506
Copy of country11.mp3,country,0.4812421,0.07574881,0.13519193,0.0056518777,2228.302293,2362353.431,2590.655285,1102822.08,4366.43193,8324677.046,0.06124792896,0.005341168466,0.098971836,0.001993276,0.003419197597,0.01394416663,117.4538352,-195.83104,10224.927,161.02155,3389.4648,-25.010054,478.15973,16.26247,326.40155,18.160992,505.62558,5.2074037,307.4103,-13.332077,168.23726,14.408764,141.5882,-7.1914086,108.75897,9.968909,137.71667,4.2507534,118.2066,-2.124591,90.533005,-6.3972178,103.542366,-2.7099094,56.788113,-1.717315,56.13794,-2.953433,45.813164,-3.5233033,52.043278,-6.535306,36.763794,2.3607564,35.175545,-7.610048,40.354923
Copy of country5.mp3,country,0.3653626,0.093370534,0.13948715,0.0034513082,1728.587942,652327.7247,2010.700873,855647.063,3310.24665,3067296.193,0.04988707551,0.0006857457576,0.11761912,0.0024807174,0.01912108445,0.01944899786,84.72079918,-224.67555,9692.823,173.01512,1837.6005,-28.714838,1219.2339,32.061756,987.8469,19.68707,336.223,25.880974,430.10352,-16.20086,207.77182,-4.0459285,202.4806,-0.8680314,130.34262,5.5628295,147.22597,-3.5390384,63.503143,-5.4268937,75.67668,-0.7687355,79.888565,-1.4597408,66.98858,-1.0042638,87.266785,-7.916776,70.893814,1.6476514,83.90055,-2.1020432,72.12696,-3.0531077,73.09417,-11.181237,61.403366
Copy of country6.mp3,country,0.4535647,0.095881894,0.08803446,0.0030459757,2449.265769,2180920.66,3124.1422,2475641.027,5970.830562,13089622.05,0.04272366456,0.001739861795,0.06359769,0.0015272765,0.01124809785,0.009231601291,143.5546875,-253.18799,26520.057,112.64426,3223.3728,-9.333358,349.90414,43.642715,573.8814,0.7189109,174.62318,33.158474,357.6918,-17.236038,163.3666,16.583166,131.5881,-11.8426,132.87515,9.531308,98.5967,0.016637182,72.05904,-0.19196743,55.6179,-3.2230039,48.91746,0.9139713,38.00745,1.634026,43.5442,-6.621754,43.7246,-0.3965866,32.624123,-3.7162776,31.184507,3.8052218,28.030548,-6.067706,33.385174
Copy of country2.mp3,country,0.5071575,0.0741917,0.2024612,0.009670182,2112.088516,1769621.12,2455.022655,1036959.017,4400.323392,7198705.159,0.04604091585,0.002550877652,0.1567255,0.0056462865,0.008770082358,0.01109359,139.6748311,-166.04083,8787.321,153.73613,2631.2043,-22.287605,456.92593,38.67478,679.25415,3.881362,601.1748,16.59312,293.77768,6.478864,161.23582,11.159163,129.65974,1.5109475,143.29657,4.6162834,112.21348,-4.6769967,80.87284,1.4680473,79.765884,-2.2795289,70.508644,-1.6863688,80.15429,2.2353852,59.487858,1.348336,44.037292,2.2645502,43.751972,-2.3975952,52.559895,2.7532816,72.13159,-4.194544,78.65362
Copy of country3.mp3,country,0.49397516,0.07246451,0.2628796,0.008070289,2134.405342,462775.8357,2260.283139,357800.8199,4368.065254,1793849.034,0.06003572919,0.0007747590112,0.17364264,0.0027317451,0.01902609832,0.003822304166,143.5546875,-93.13163,6136.152,178.12401,1470.1509,-59.613716,441.32294,46.118813,185.14532,1.6740361,281.74927,1.4829968,259.74094,-0.6552474,152.29654,5.01279,115.250336,-1.8847135,76.487946,-0.6184319,63.641247,6.785469,52.94523,-2.3380847,61.144688,1.3170828,56.14273,2.4189444,51.64518,3.6343117,63.45084,0.7110508,54.856194,-2.7313967,35.47436,-1.4797364,34.45937,3.2297091,35.07131,-2.1524546,33.168064
Copy of country9.mp3,country,0.49756294,0.07370718,0.20289996,0.007827948,3077.67794,1414466.821,3311.891313,667315.435,6363.844852,7726982.54,0.07741600958,0.001971305344,0.14866291,0.0041273297,0.04012057167,0.004615010301,161.4990234,-101.86506,5521.7437,130.28241,1104.4825,-37.792923,328.50974,41.44885,346.2012,-5.7939477,322.5364,33.686504,121.379036,-12.292302,164.67813,17.094618,100.475914,-7.700534,147.28096,14.5267725,66.97057,0.62833124,85.08329,4.9321876,52.30384,2.972045,58.28655,1.1675695,39.329567,3.9540145,39.425518,-1.5260942,37.191975,3.8779013,35.382328,-5.0074368,35.324978,3.5309424,28.284763,-5.0221543,44.672417
Copy of country1.mp3,country,0.44381878,0.076054275,0.21722573,0.0072002956,2667.65904,2656943.2,3058.169815,2580616.803,5954.613993,16808504.87,0.06065590684,0.001678856364,0.1797636,0.0053550173,0.03952912817,0.0266063065,161.4990234,-115.265144,8472.745,161.29494,2246.6338,-16.07684,365.05457,22.908262,929.82306,-6.903876,445.88342,18.436647,162.55984,-9.74224,111.0639,17.920795,184.46564,-8.328363,113.179855,11.136364,170.8931,-4.8408504,85.18128,5.3954415,79.63874,-7.8862953,49.706047,2.2168167,89.259544,-3.7861633,78.39279,-2.462245,62.815403,-2.3022485,46.122868,-1.521859,49.10616,-0.08317399,50.474876,2.4869251,52.46324
Copy of country8.mp3,country,0.50729907,0.06897692,0.13079974,0.0024754861,2033.617235,565694.3173,2536.450696,441714.0166,4060.142116,3336584.97,0.0482066246,0.0005481288024,0.09219308,0.0011585396,0.008963815738,0.004207350196,90.66611842,-162.61308,3050.1804,173.68948,785.8246,-33.189774,443.03653,38.638546,278.9356,-4.407011,259.5577,23.91864,96.79196,-9.929651,105.91687,4.6528964,88.51713,-0.7943758,108.98638,6.543398,60.03036,1.8346492,52.21944,1.2256011,47.071724,3.0090282,40.186344,-0.2446704,32.926575,-0.61282486,37.29248,-5.9789915,31.89574,-0.578847,28.225008,-4.145011,37.879196,0.6247897,26.349216,-2.7598488,35.46823
Copy of country4.mp3,country,0.53040093,0.072788246,0.17748153,0.008386408,1510.673337,622212.9982,1718.048446,623711.0715,2969.115379,2890784.91,0.03841000961,0.0005729763828,0.14353889,0.0053006783,0.01202417751,0.04388103883,105.46875,-198.22203,10767.167,180.36111,1732.5135,-32.966106,1839.5991,22.188808,750.8494,13.6815815,402.08295,18.642054,225.35178,10.966639,100.06898,5.601478,107.63647,5.807007,74.81356,8.124146,88.77773,4.5529833,74.35818,-1.0835898,59.362442,4.3591766,55.807972,3.2025232,58.564533,0.31231707,51.72897,-0.594765,36.90825,-2.053272,33.823128,-2.6255174,33.725315,0.33977875,35.91972,1.4736547,32.00894
Copy of country10.mp3,country,0.34214085,0.106579594,0.061599076,0.0023730986,536.1657271,583862.718,715.291326,523664.0649,984.7273788,2539329.35,0.0142330961,0.0006775348861,0.054905523,0.0019517452,0.07260257851,0.04657674829,69.83741554,-454.9341,13048.232,150.34183,9637.542,34.01613,1134.6084,12.481372,273.09445,23.05698,299.03036,17.217907,160.3626,3.1381931,79.114784,1.0105116,36.98234,3.2529743,41.539444,2.9567266,49.2942,4.81761,48.975685,1.5421008,55.433254,-2.957816,45.611008,-2.989945,37.592896,-2.5069854,44.82351,-2.9521446,47.324787,0.020078085,32.89629,2.41851,49.787804,-3.5353253,36.335472,-6.0782866,66.86108
Copy of funk9.mp3,funk,0.45244387,0.09901949,0.14836314,0.0050594853,1593.524362,1201107.322,2163.094337,1339301.672,3155.559593,5757813.727,0.0324054097,0.000609462101,0.12021208,0.0037737775,0.02651986969,0.0113774912,106.1320755,-247.62616,7255.294,176.8549,2008.2404,-13.536891,798.6115,8.544029,367.45172,37.86536,518.2581,19.375576,216.92139,-18.183662,216.4871,-0.12024898,159.83562,2.3786871,136.04285,-2.3413718,103.757576,-8.56718,96.48686,-4.1296315,100.781975,-4.1379642,130.50778,0.0700834,125.83867,-0.6767495,103.808205,-0.9196322,95.67575,-5.7815456,105.04998,-3.8818297,97.72769,-3.7960727,81.98545,-0.6429891,69.27016
Copy of funk6.mp3,funk,0.35530385,0.10403806,0.22346318,0.01334898,1694.819588,1794697.923,2184.513952,1844751.927,3744.535691,10443575.71,0.03208087177,0.001104461607,0.16376871,0.0060545933,-0.02161515471,0.005185222628,120.1853198,-186.68962,13789.913,152.97061,3871.3792,-12.567402,515.55414,34.396854,466.19083,16.616217,557.84015,10.935399,367.3102,-8.253877,189.87822,10.78823,141.88914,-3.1468048,102.15268,1.3259616,95.96602,-3.8142915,73.66533,-1.7655804,59.496002,-2.5092723,59.936436,-0.55357647,53.190178,-0.07939382,62.317665,-3.5672834,70.083824,-0.5937708,43.263515,-3.624807,54.839542,1.6797276,50.76735,-1.2992338,53.75621
Copy of funk1.mp3,funk,0.39377293,0.10765808,0.09569542,0.0047755907,2678.430069,3256835.268,2985.511389,2343942.098,5804.014904,16030889.42,0.05318883181,0.002883662989,0.076000884,0.0034936017,0.02484791795,0.008912436662,89.10290948,-261.20322,20106.123,108.78569,3047.1924,-6.270283,1182.6471,58.21751,759.1424,0.43948695,429.3513,15.003614,303.8268,-8.27399,177.59503,12.211482,163.04674,-12.909635,173.08905,9.875364,135.21936,-3.1792243,82.67227,0.7794311,60.18506,-1.8662782,42.30977,-3.9221442,37.827053,-2.815768,29.856838,-6.34406,48.12842,-0.269613,46.13759,-7.447028,56.663776,-1.3226675,47.596928,-6.884058,52.989315
Copy of funk4.mp3,funk,0.45359522,0.08080199,0.08355529,0.0003893544,2628.357258,886189.2758,3403.714084,774721.52,6100.446445,7536468.379,0.05095226182,0.0004817494704,0.065537736,0.0002979481,0.03914592686,0.01224583873,120.1853198,-208.32787,3103.793,152.80157,753.3677,-20.073086,432.723,48.560284,157.82437,-10.596099,254.54842,32.914284,195.42703,-13.679465,145.77603,21.303604,99.03439,-20.378183,95.83022,12.031424,73.7515,-0.48618007,87.97198,-0.018533736,86.203125,-3.6306312,64.353966,1.3909591,45.689972,8.088064,47.838238,-4.561529,51.32021,1.1827148,52.135056,-4.7465463,46.792778,3.620415,45.95008,-7.4311733,45.389633
Copy of funk2.mp3,funk,0.33843935,0.09651009,0.067126,0.0013684507,1706.028455,449076.8934,1668.100588,334238.832,3240.727435,1320722.856,0.05180144614,0.0008465914543,0.052404802,0.00086948264,0.0007720446959,0.0144962289,120.1853198,-277.04416,12175.701,159.3236,2888.509,-51.476006,1125.2631,21.552332,203.59152,18.627775,359.35236,-12.836973,224.7516,-7.724796,160.13214,-0.915446,83.70162,-0.8897409,109.42281,0.1738152,67.88292,-9.961228,89.71965,-10.580134,83.80506,-8.066641,70.60872,-7.6931095,74.63476,-11.20993,73.47751,-11.344045,76.68727,-6.555325,76.88461,-7.382503,57.675797,-4.192305,55.180058,-6.212781,48.684643
Copy of funk5.mp3,funk,0.45359522,0.08080199,0.08355529,0.0003893544,2628.357258,886189.2758,3403.714084,774721.52,6100.446445,7536468.379,0.05095226182,0.0004817494704,0.065537736,0.0002979481,0.03914592686,0.01224583873,120.1853198,-208.32787,3103.793,152.80157,753.3677,-20.073086,432.723,48.560284,157.82437,-10.596099,254.54842,32.914284,195.42703,-13.679465,145.77603,21.303604,99.03439,-20.378183,95.83022,12.031424,73.7515,-0.48618007,87.97198,-0.018533736,86.203125,-3.6306312,64.353966,1.3909591,45.689972,8.088064,47.838238,-4.561529,51.32021,1.1827148,52.135056,-4.7465463,46.792778,3.620415,45.95008,-7.4311733,45.389633
Copy of funk7.mp3,funk,0.6427582,0.07300354,0.114516005,0.0064323824,2093.357803,3608151.721,3000.57232,2252413.09,4449.16737,17265051.52,0.02966035205,0.002187137728,0.08343856,0.003623719,0.008744917476,0.003959522891,95.33898305,-304.54208,11237.229,123.24913,3161.597,22.218119,958.4665,41.185776,558.172,6.432102,299.37384,25.276451,159.81065,16.951204,114.58574,19.065508,112.39213,8.443094,88.609146,7.9771338,73.3861,3.3192909,68.771,6.974192,74.81438,5.2217674,77.047966,5.524827,69.600845,2.0563984,59.180412,1.0797546,47.137127,-1.2283082,33.829292,4.2022743,48.769203,3.024538,68.72156,3.386735,41.875374
Copy of funk10.mp3,funk,0.61431724,0.075515084,0.0572677,0.008173759,2627.777934,3082893.872,2721.8801,1412761.978,5292.634087,12871438.09,0.06386017486,0.004322295569,0.040938687,0.004881656,0.0004105141158,0.009335521463,122.2826087,-423.11368,8888.17,80.463104,4024.6272,13.420027,1459.4109,29.84198,652.26764,18.827477,287.98264,12.304661,401.23288,9.706056,229.85667,8.414149,94.89341,8.838391,110.268166,4.069259,123.84036,5.6299524,83.04208,5.4026914,54.818825,3.0105267,50.402794,0.6764908,50.037888,0.6038331,43.426414,-1.8834515,53.881554,-1.3263427,30.9931,2.083998,31.672886,-1.5047458,30.42609,0.077520594,32.710575
Copy of funk8.mp3,funk,0.6146501,0.069755666,0.14514475,0.011070724,1972.246438,1116848.036,2227.057023,350120.4545,4023.351404,4371812.343,0.04685278173,0.001789381711,0.091865696,0.005219515,0.004084195868,0.007664564306,119.6808511,-243.2917,7883.752,147.85658,1484.397,-19.952158,1561.7561,56.11208,727.7375,12.52312,307.53973,5.955328,231.23866,23.853464,100.07783,4.064756,126.6206,1.8507142,80.565056,3.7852833,96.902565,11.956215,90.22417,7.22367,85.088806,-1.2030393,96.468895,-0.44929132,67.1701,0.12007666,49.082558,-10.478667,53.155365,-3.4039679,35.488132,3.0826993,45.608643,-6.4601264,90.16496,7.927698,44.27085
Copy of funk3.mp3,funk,0.4380884,0.091203764,0.14272512,0.0039978423,1643.483268,973673.8112,2305.716314,1011177.989,3404.54608,6215091.647,0.03263736878,0.0005130543563,0.108843446,0.0023304957,0.01400621216,0.02206270292,120.1853198,-235.18373,8463.321,164.41493,1632.997,-4.6955657,1632.8141,42.953033,481.39807,17.016932,638.59296,11.525781,402.07294,-8.930253,233.76103,10.461384,152.7158,-3.293178,118.47708,1.4336239,104.69022,-1.4763995,81.20008,0.92389363,86.27776,2.5113685,76.044235,2.683334,61.58411,-3.1253164,62.202766,-9.462041,72.11871,-1.2522378,67.50792,-8.20475,88.80392,-2.028758,71.17019,-0.4749582,75.21922
Copy of jazz25.mp3,jazz,0.3558673,0.1062048,0.13783805,0.006957719,1818.175462,2141709.257,2731.575271,1418985.805,3359.036171,12032143.95,0.03033436417,0.001713659108,0.12374733,0.006104008,0.0054479639,0.02505337867,148.0263158,-301.8601,8420.475,137.93024,3028.784,34.25877,1047.9198,49.097965,544.8617,-0.76221573,137.9925,17.470692,129.87016,-1.9828926,100.20623,2.2532883,114.84254,-0.5363325,102.3746,-2.1944866,99.86207,-3.5136294,61.172913,-2.0417628,55.947063,1.6916311,75.132454,-3.8980594,41.768814,-6.520261,67.92744,-5.3276267,61.54428,-2.9789622,59.002327,-2.1799617,44.656693,-3.744783,54.408005,-4.631071,67.48879
Copy of jazz4.mp3,jazz,0.32813457,0.10526064,0.15608828,0.0067596585,1105.824315,799382.5123,2070.90516,986608.9424,1787.082296,4822689.08,0.01811587662,0.0003185768993,0.14524521,0.006528169,0.01236396205,0.05490612552,137.195122,-286.99365,2642.1873,178.71724,1062.0028,45.519455,517.58655,21.668545,258.20792,7.2029915,232.76378,13.579418,68.44064,5.1807156,121.54537,4.7188315,60.328884,-3.4079185,95.1517,-3.162148,46.999065,-4.7496314,48.96449,-6.8618712,45.677067,-2.5690835,52.14092,-1.6992382,68.12897,0.78588563,58.869606,-1.5541369,62.912838,-0.64638996,50.39396,-1.5280176,65.419846,2.5272903,84.87994,2.2038927,104.91606
Copy of jazz8.mp3,jazz,0.28610277,0.10752165,0.12236833,0.003288918,2530.438247,1098138.898,4175.042741,748538.0147,5946.126244,13152224.94,0.02399573409,0.0001909405885,0.11644212,0.0033507985,0.01907200315,0.02373886345,102.2727273,-273.45306,1572.6852,123.7782,662.59515,46.333107,195.06616,49.493935,167.10916,-12.8468685,88.20034,21.251825,55.54779,-2.59057,60.471912,7.301886,65.27993,-14.816248,52.1864,5.023252,47.71535,-4.5252624,50.71717,0.8653109,52.03405,-7.3877087,53.90458,6.5899644,104.26222,1.4202206,102.563286,4.6202836,110.88062,0.51737154,106.0142,3.2344139,108.95989,3.1614053,120.52624,3.6648831,99.65089
Copy of jazz7.mp3,jazz,0.33159375,0.09892909,0.09536373,0.0028751562,1434.906357,833000.747,2364.553456,635986.3874,2522.184945,5112187.102,0.02282441455,0.000533371028,0.08688821,0.002562381,-0.03179109495,0.03708702627,137.195122,-294.5088,1875.2186,174.0325,1123.1888,17.83451,365.85666,34.898315,237.70027,0.91863376,130.03795,9.640125,73.47844,-1.21204,63.271397,-4.0610924,70.0571,2.6403363,78.82866,-6.8270454,63.08678,0.16984437,43.52761,-0.23349,41.34961,-4.8386526,46.61665,-5.0290017,56.483692,-4.7370477,47.817116,-4.525396,52.067753,-5.8879685,56.46847,1.1098415,53.58862,-1.5514095,58.34637,-4.623222,57.47691
Copy of jazz3.mp3,jazz,0.40254793,0.099116676,0.11746753,0.002998216,1213.621322,1019191.957,2171.339748,1333100.926,2293.433945,7488973.386,0.01759201142,0.0002804715927,0.100888684,0.002081567,0.06208191447,0.02920378182,125,-299.05975,5316.8335,180.90916,1594.0242,27.479614,478.72485,37.84497,365.90225,12.759177,306.75665,17.423414,109.44541,7.0530925,124.79772,11.500287,82.17794,-6.1975775,71.07785,0.8842224,68.42106,0.05496818,78.961815,-3.9635675,48.385452,-1.698491,55.797153,-1.4849988,71.4255,2.2071874,54.554928,-3.7049718,43.091152,2.1739185,35.389175,-0.66825324,48.203552,-0.58293813,41.62988,-3.1159391,45.221035
Copy of jazz6.mp3,jazz,0.36136696,0.10003909,0.19725211,0.013332075,887.1784283,297687.0563,1341.435751,260456.0499,1495.559123,1443547.277,0.01850851515,0.0002945388077,0.18900932,0.0129801715,0.02283146649,0.04821545022,130.8139535,-270.9634,1935.6665,183.71724,1012.87604,19.668058,758.46265,20.398397,178.00664,35.64973,119.69697,0.033618677,96.97678,-8.506811,76.94269,0.98968446,74.887115,-5.733035,65.38343,-3.5931418,64.203804,2.3651729,71.4886,-9.876035,66.019005,-14.360215,64.68804,-8.433741,64.34526,-13.120283,61.280056,-13.197548,67.54279,-3.7749128,54.792713,-3.2327764,46.818188,-8.419141,74.0332,-8.725029,97.384445
Copy of jazz1.mp3,jazz,0.41959244,0.09551694,0.103069894,0.0035398875,1500.919397,2232091.578,2206.213236,1322743.07,2673.408061,10970552.8,0.03386134132,0.002612217209,0.09125015,0.0027691415,0.03306167884,0.02862148095,133.9285714,-335.99802,7201.0913,153.9034,3624.9595,45.98367,1084.163,38.11663,578.5516,11.061033,164.26263,10.158186,101.61149,4.157361,78.2896,-1.4270517,89.52999,-7.183676,87.35228,-3.6227887,79.81449,-2.2706773,60.26632,-2.516448,59.32612,-0.028558552,68.19486,-2.1909597,55.276474,-0.5920527,62.58124,-3.4231803,74.075676,-2.3258562,57.439987,-2.4803894,49.73647,-2.9185967,46.20117,-3.5971515,39.22731
Copy of jazz9.mp3,jazz,0.32024506,0.10498954,0.1239882,0.0035603598,1328.330262,814566.8045,2651.92311,1291195.588,2153.225538,6964086.19,0.01610876816,0.0001237530374,0.110926785,0.0031335033,0.006407670287,0.01856398411,175.78125,-307.52533,7508.7607,156.70023,2654.0015,45.051575,455.64615,36.86126,262.3277,-6.7091017,88.8445,24.888535,108.47645,0.47659516,56.828674,4.883093,64.67672,-3.6638281,56.18725,-2.398662,64.341705,0.49338776,48.402077,-2.114698,57.857533,-1.9925826,49.547585,1.9386036,45.746445,3.176469,62.926846,-2.1154494,71.66684,-2.9680254,77.837364,-3.3226118,69.21002,-6.1650763,81.26182,-2.5178366,84.000984
Copy of jazz2.mp3,jazz,0.48722208,0.10012314,0.15240872,0.015519414,3956.197034,3629703.89,3901.073788,298964.5239,8598.479715,6935785.982,0.09257572959,0.01099867807,0.1348659,0.013233806,-0.02317254046,0.02228654785,170.4545455,-237.85985,5752.8496,84.27872,1807.4475,-3.7578385,407.62897,76.22219,348.77533,-4.0169296,124.17307,37.95582,166.65056,-0.696764,87.33709,12.530802,104.692856,3.6787946,83.54317,-1.8733168,87.64044,10.142385,66.00886,-3.2514174,48.054913,5.2625875,69.465675,-3.4732227,58.60312,-1.9188156,48.062935,-6.7870746,47.261276,-2.9677227,59.36461,-4.572048,69.96837,-0.6198349,64.64251,0.763649,74.98726
Copy of jazz12.mp3,jazz,0.3950727,0.10626501,0.12691285,0.0036456292,690.2650299,169490.3327,1450.075669,516678.8402,915.3789326,923066.1973,0.01211885248,4.40E-05,0.11218849,0.0027940308,0.01606967318,0.02482076117,130.8139535,-329.886,4433.4336,173.19789,2913.1155,47.401363,484.89023,29.511326,435.0955,14.805013,176.09389,14.109161,120.085655,9.053594,82.56484,0.64473,55.68839,-2.2200274,40.870594,-0.069708355,45.712116,3.2211225,45.746117,-1.6211044,43.011833,-1.4986798,45.893047,1.7355828,57.71275,-0.3647749,68.187874,-4.4239106,86.60076,-3.9067044,91.787895,-1.7203864,81.5454,-0.43781942,94.76142,-0.42633784,122.55622
Copy of jazz19.mp3,jazz,0.28601864,0.100025006,0.09787817,0.0012449076,1145.475087,487928.9124,2203.347634,879301.8982,1843.972183,4605950.69,0.01676264497,5.00E-05,0.09228748,0.001142606,0.04456547596,0.02947153349,130.8139535,-326.06784,2911.8108,175.8777,740.70856,26.508379,281.4567,33.57612,186.76627,12.90255,141.22667,10.870822,98.45584,4.8609824,103.79708,2.0704925,88.962814,-3.6034768,76.64326,0.8115761,78.302956,1.1989673,68.657364,-1.0458874,52.59351,-0.55614173,65.32527,1.8658742,84.43432,0.08532945,79.092834,-0.08007465,89.13306,-0.9446159,120.06153,-0.17747554,133.32874,1.6969653,122.09249,2.5801837,136.36205
Copy of jazz17.mp3,jazz,0.32759595,0.11199687,0.0673067,0.0016251968,1244.200054,741342.5965,1988.364292,1144897.413,2440.232847,6432047.883,0.01980741618,0.000128793763,0.06397317,0.0016046528,0.04935950112,0.03626485286,125,-371.51614,5123.612,160.97395,1481.917,35.026875,571.94836,35.162148,791.72015,-2.0835786,386.4457,16.044842,172.97743,5.2704525,172.0613,-0.44534835,78.84754,-0.49204534,93.351814,-0.51642174,77.58059,3.0004702,66.55248,-4.1751966,60.94476,2.4908533,69.04174,0.41912133,54.771675,0.12132617,74.11679,0.911629,85.85835,2.5743673,100.13424,6.0388217,158.07703,8.542169,233.2537,9.149156,196.33945
Copy of jazz11.mp3,jazz,0.35215962,0.10074174,0.09751979,0.0027227723,1733.510316,1330436.016,2561.668916,897112.1793,3412.035083,8456507.787,0.02856957374,0.0009385522337,0.08847962,0.0024258934,0.01553268796,0.03423385016,119.6808511,-290.97235,7062.8374,160.85892,1686.1973,16.373108,846.76776,44.09395,475.68454,-4.6548157,234.57776,12.170167,93.084,6.2607336,97.14509,-0.13208589,89.2836,-4.2932153,76.70974,-3.9914432,59.172993,-5.7350583,47.097443,-3.0696611,42.249485,-4.3047223,56.39652,-7.4777136,53.58463,-3.7185626,48.056835,-8.218501,46.7392,-2.0312068,52.884632,-4.6226053,59.868633,-3.4697235,53.027966,-1.1197207,69.89034
Copy of jazz16.mp3,jazz,0.34865758,0.100895576,0.076210715,0.001113524,822.7196797,571340.1353,1501.416118,793312.0221,1379.171481,3023288.134,0.01477567183,7.20E-05,0.06734132,0.0009890903,0.0225971924,0.03045350798,119.6808511,-369.58157,4047.859,188.35927,1568.853,47.929802,702.2428,22.91589,385.53174,17.859522,156.864,18.925152,70.603195,7.382575,73.234665,1.5516908,54.053917,-2.3572543,60.25499,-2.9866014,56.506226,-1.2845322,52.39259,-0.5967274,41.135464,2.625774,30.43421,3.2984316,35.73624,1.406949,42.538944,-4.4769373,44.244843,-5.0450845,63.208984,-4.866503,51.90167,-3.2364101,47.126453,-4.743044,61.3934
Copy of jazz18.mp3,jazz,0.36663076,0.10513606,0.11351838,0.005021461,1275.756792,1006958.825,1891.665149,1138585.869,2364.096383,5202326.327,0.02344704691,0.0003614061145,0.0999328,0.004580252,0.02122505078,0.01719744833,104.1666667,-318.88812,5835.789,182.70178,2333.8628,20.255089,870.9597,17.903095,396.7846,13.00608,245.78088,9.613531,78.17184,5.4252033,76.3475,1.4881675,61.321625,-1.7646997,48.81465,0.74023,44.470234,1.847612,51.56541,-1.6692349,49.69388,-2.1386535,49.467022,-2.60904,68.37941,-3.3343155,75.013405,-2.8848476,70.75249,0.9244652,87.28865,0.2612414,62.997467,-1.1624637,72.61784,-3.6034439,113.103836
Copy of jazz14.mp3,jazz,0.38186526,0.09912451,0.077134356,0.0025351748,3728.508426,3702416.408,3605.014356,774250.3046,7442.910149,11549741.57,0.08600710568,0.005988490046,0.06441946,0.0023059025,0.006007772849,0.02201379941,90.72580645,-264.93176,12533.065,111.00036,2886.5132,-5.656495,500.02374,65.68989,793.72876,-17.68318,363.1284,22.165657,248.48338,-5.998456,142.73593,6.725899,130.3127,-8.010056,97.65158,-1.708848,85.265274,-3.8075242,67.45207,-6.1303205,58.237823,-2.2592661,60.891876,-8.980551,79.98906,-0.62867194,60.52875,-7.213334,79.884476,-0.16986103,76.79712,-4.4604263,71.222694,-0.063517705,73.48411,-1.1826563,76.90505
Copy of jazz13.mp3,jazz,0.46876562,0.08855135,0.09381084,0.0024795148,3546.551778,3053058.172,3835.80167,967471.2987,7648.548591,12617471.25,0.06461993562,0.003091948311,0.07915948,0.0017698236,0.02739190167,0.02334847213,140.625,-261.18063,11459.756,119.10318,2357.0146,19.39396,526.10284,82.90085,1010.0464,-33.459312,375.9354,26.250797,160.41861,-6.391869,176.25807,11.8260975,197.32181,-10.384061,132.34001,1.9356303,75.3876,-0.76534677,52.115158,0.24035013,41.23846,1.930318,56.059532,-8.385098,70.79854,5.04062,71.51099,-10.508104,93.69286,6.524046,87.55475,-5.6000223,71.04049,3.709767,69.63684,-2.4683368,81.11477
Copy of jazz10.mp3,jazz,0.38763443,0.097951524,0.09707509,0.0020970094,1374.808249,1158126.723,2431.692828,1326585.994,2485.641442,8467602.419,0.0192174169,0.0002251520594,0.088280104,0.001850097,0.04750506381,0.01961680394,85.22727273,-316.6814,2961.3015,166.20743,1419.6287,34.231102,241.41917,42.184155,328.6967,5.891093,171.38135,14.500225,94.278564,6.726096,84.27856,-0.50638795,97.023994,-2.1669915,82.38354,-0.51769215,62.873817,-3.5556166,68.36686,-1.607845,73.44096,-4.7444615,98.6332,-0.1980492,107.315056,0.04985138,113.89502,1.9097893,148.75108,-0.49973962,126.477394,0.80780065,105.07276,3.2681127,86.45334,3.3494413,77.7347
Copy of jazz22.mp3,jazz,0.28597215,0.098074265,0.0670877,0.0014145058,538.1298616,23158.69614,565.012328,27419.41552,725.2460674,132857.4601,0.0156803721,2.06E-05,0.066018045,0.0013960546,0.1170954416,0.0670111082,119.6808511,-431.92462,2116.751,169.81544,1325.7211,51.233482,405.50568,-0.34892967,264.62946,7.9835076,231.54297,5.128596,293.7617,-15.825668,173.61841,-21.313593,153.02649,-14.695568,324.1923,-17.423449,345.20364,-24.625183,156.97914,-23.527866,68.06658,-18.032963,74.10607,-14.165226,88.41946,-10.150083,92.803955,-6.844079,119.59668,-7.1054144,99.122375,-7.704713,105.83961,-5.343597,99.76505,-2.7922459,88.06354
Copy of jazz21.mp3,jazz,0.37574783,0.094393186,0.13517855,0.0030688446,1147.95846,478209.8491,2037.33461,657649.1794,2007.48478,4210997.408,0.01846251639,0.0001415674741,0.121959254,0.0026865676,0.002583169045,0.03790967482,125,-276.85678,2463.3452,185.10194,929.1099,20.899187,431.51074,30.716496,331.3101,9.805085,184.02715,37.61898,178.16861,-2.328433,112.46427,-0.990978,109.80951,0.07657131,56.870712,-18.975723,57.245132,-4.0465946,60.37953,-13.164571,58.47334,-4.501124,50.42684,-7.464943,54.711113,-5.239496,50.114822,-2.831205,47.505856,-6.3857737,46.86057,1.0855612,41.468006,-2.3110094,33.66319,-3.4087906,47.74038
Copy of jazz23.mp3,jazz,0.31241447,0.10917468,0.10886023,0.0036937818,1819.317006,928652.6033,2968.453703,1687213.71,4159.649847,7902903.87,0.02092674421,0.0002252661477,0.09781622,0.0031808093,0.02247786754,0.01880077976,103.359375,-271.946,14429.061,125.648186,2737.5842,12.212721,96.64673,38.892,400.873,-3.134655,51.435814,29.639313,169.26054,-7.9010196,54.495537,11.351472,83.75509,-11.16441,52.732784,6.0672235,52.21786,-4.639265,31.690472,1.4470241,47.680485,-3.8020186,50.74694,0.0021096575,43.295574,4.060548,50.220966,-3.234328,43.507915,2.3338006,47.90377,-0.9632417,67.077286,9.653171,81.28863,-0.237761,65.70551
Copy of jazz24.mp3,jazz,0.33814508,0.10684538,0.17409939,0.010491231,891.5471807,712063.79,1622.694213,1434434.302,1507.790282,4950754.674,0.0143021449,0.0001009220109,0.14649254,0.007963218,0.02282011795,0.02441977027,119.6808511,-290.3586,12531.089,152.0245,5768.4473,38.026688,812.6159,36.98014,638.2479,9.84941,197.90993,8.719263,125.24448,0.16357982,77.90558,-2.9647183,79.95474,-5.3397474,62.391464,-3.799653,52.807434,-4.0315166,41.172043,-2.551799,38.74147,-3.9216063,45.409008,-5.681085,49.799797,-4.910547,51.327576,-3.259783,42.86149,-3.5257325,33.711945,-2.5952573,39.61643,0.49770623,62.54607,-1.758695,67.58865
Copy of jazz20.mp3,jazz,0.36711556,0.096255854,0.12765397,0.0028833016,1401.591738,742723.1034,2747.9264,1133243.035,2406.772129,7717881.609,0.01883658183,7.86E-05,0.11291854,0.0023638092,0.03433350372,0.02575743107,82.72058824,-283.51953,2698.8042,177.3973,1300.5464,42.39051,236.83083,38.0455,307.04022,0.5107778,104.674866,15.787603,80.97779,-6.2401247,77.15769,-1.3734583,120.54306,-8.576967,70.55086,3.7681909,62.938755,-6.644802,50.79159,-4.4197164,75.010635,-4.026498,84.90028,-3.5346777,87.42211,-1.9199024,68.037964,1.4420868,75.33674,-1.7874463,64.959045,-0.9384262,57.41988,-1.0904698,69.60648,1.6890622,90.934
Copy of metal1.mp3,metal,0.36243615,0.07772645,0.20885253,0.001122194,2558.172914,267866.0278,2826.264436,217204.8795,4923.978559,1109064.527,0.06098715956,0.0003436016808,0.16636077,0.0010671951,0.01526257332,0.01294683205,129.1992188,-82.847786,1928.3491,158.60161,549.3213,-59.591507,102.22251,47.167625,109.21635,-5.569277,92.04582,19.759682,102.47303,-19.493624,68.390335,15.671454,74.02208,-9.266163,73.88558,13.139636,62.536438,0.115822025,51.511295,0.6234869,42.11241,2.2933898,45.882057,6.3477793,38.01259,7.9109316,47.399635,-0.85260427,40.185524,1.873339,37.54562,-7.4048862,34.842052,6.03292,56.067936,0.1901401,74.66609
Copy of metal10.mp3,metal,0.6678749,0.0572738,0.24868539,0.018409686,2808.080838,513039.5668,2905.96895,681812.169,5653.953186,2747563.147,0.05675015414,0.0003638031435,0.19468592,0.013621073,0.02205856284,0.006272174759,95.33898305,-104.67456,6450.864,143.44673,884.33014,-56.06719,285.71545,48.5261,1568.8662,11.7576275,229.30426,17.143614,555.2344,0.3187921,76.91243,10.66943,122.34914,-0.13452071,99.598885,7.7881007,95.62309,-0.7095655,53.614456,-1.7897303,101.79857,-5.28181,41.255367,1.051121,59.61382,2.7331307,52.07162,1.408116,36.728848,-1.8571074,37.055225,-1.0988101,29.53656,-0.93825626,25.973505,-0.13136198,26.00017
Copy of metal8.mp3,metal,0.6061364,0.06672715,0.07271694,0.0014393304,3938.811668,6693720.951,4087.26651,2717327.729,8535.915051,23230381.09,0.08525307481,0.01410599104,0.055124424,0.0009633337,0.006526610945,0.003983139509,151.9990809,-238.2745,11409.722,108.86738,3085.095,-18.49891,838.3264,43.977375,339.6247,38.71947,567.4566,14.25411,336.3311,-6.1297874,137.17142,7.088799,93.5755,-4.2767878,81.38391,9.94448,55.926434,5.555554,53.249542,4.0326757,60.04206,1.5315139,38.71635,4.4868784,37.63184,-1.337772,46.212055,3.242269,33.74122,-0.15852001,36.37581,0.8572911,36.890602,-2.6243374,29.356926,-2.4277246,34.4982
Copy of metal7.mp3,metal,0.6453742,0.046525676,0.17655191,0.003101291,3793.248721,1603841.131,4089.354061,330346.7399,7912.051746,5415811.183,0.07963167659,0.003723107608,0.12023372,0.0017829894,-0.0006118780768,0.005062415473,144.2307692,-81.8296,1683.2675,121.18765,909.3963,-37.516457,129.40073,44.654217,103.25761,-2.8238761,147.29697,29.1776,73.48523,-12.509346,81.71856,21.317997,57.17568,-6.7267876,69.04286,14.263253,55.494244,-1.0826958,61.87815,12.413614,32.530323,-3.733155,40.10289,5.864724,23.113766,1.0426657,32.05639,4.598835,24.334301,-3.2413497,25.478285,1.1733499,31.250378,-3.8524728,30.652678,3.6652703,23.68689
Copy of metal6.mp3,metal,0.60197467,0.05960195,0.0947517,0.0021206096,3427.714406,629572.8383,3252.152165,201486.8504,6901.573054,1683037.162,0.07974866968,0.001452907681,0.059116684,0.00036588102,0.01657913073,0.002152794549,90.72580645,-154.93135,1389.557,133.72989,391.3858,-53.567028,103.615135,70.64576,142.57799,-10.617501,123.46968,18.8298,95.078384,-9.419322,111.99498,0.68866843,69.16395,-7.1008835,77.465805,1.851399,39.679646,0.7165347,41.2825,-9.435797,45.305923,5.4666266,31.118307,-1.7531809,34.33844,7.3673763,38.24336,-5.2860436,43.02181,-3.010087,33.044174,-9.051414,37.12953,-0.3183464,28.646515,-5.1393614,29.888432
Copy of metal3.mp3,metal,0.58172345,0.060529802,0.09885403,0.0019027903,3145.717988,2777408.324,3374.900777,1954374.357,6706.395416,14508828.24,0.07489872362,0.002647544499,0.062355842,0.00019514364,-0.004178872727,0.004961485241,109.9567819,-154.37683,3507.0005,144.118,1738.7533,-34.801464,396.72308,37.731094,219.58997,10.220418,405.0912,5.1922727,227.08223,-7.5035005,110.04143,14.416011,74.939705,1.8858883,99.121605,6.761343,77.86751,-3.136533,80.02036,3.3646612,55.46285,-6.2455006,36.01659,6.80953,45.063957,-6.945128,33.93977,-5.4632483,57.8212,-10.88626,31.028162,-2.637865,47.69207,-4.9406953,36.022087,-3.814411,38.949726
Copy of metal4.mp3,metal,0.50095236,0.08246312,0.14304818,0.0063681826,3202.534288,2381384.505,2664.064954,1542580.172,5857.447914,10655718.12,0.1050347012,0.002496412399,0.09312623,0.002589385,0.0246534721,0.01006328827,114.84375,-127.57682,10213.114,139.75266,2331.8518,-76.671844,682.44696,22.929628,472.33252,5.6521797,221.75479,4.7962365,460.77274,-10.921598,106.527695,-1.6890789,287.93338,-10.854466,61.03437,-2.647182,177.35266,-5.850588,61.205727,-1.7303402,180.12877,-13.764398,60.693558,-0.16673633,143.00978,-6.520423,44.36833,-5.091622,82.662674,-9.15297,36.465492,0.0824961,63.105507,-4.839105,38.50561,-2.8348014,44.093292
Copy of metal2.mp3,metal,0.5231066,0.072349675,0.16958483,0.0018505653,3475.454566,931948.3022,3884.768544,410578.9598,7562.163949,4083619.331,0.06632692382,0.001209110266,0.13050257,0.0010274667,0.03488847175,0.01939025633,95.33898305,-107.589584,5768.1924,123.69194,688.13995,-36.21531,182.2119,55.16939,262.716,-5.5018888,261.01434,38.138733,109.102425,-7.936033,97.75852,20.936071,56.76763,-5.1294684,36.554974,11.539733,43.91859,-7.340374,43.032703,5.1728725,34.31678,-7.9732137,34.635708,4.870291,32.019905,-4.8780704,31.023663,3.342469,31.296242,-8.232074,40.146065,-0.5004055,48.32302,-4.5040307,42.502316,1.6173652,39.3824
Copy of metal9.mp3,metal,0.44402617,0.08042437,0.17455651,0.0039053052,2463.57121,211595.8937,2672.11136,289849.0294,4804.320899,1195340.876,0.05715476971,0.0002812967246,0.12616785,0.0017817467,-0.002448104231,0.003033555624,130.8139535,-133.759,6263.009,162.9608,778.7578,-66.8695,463.64496,49.072,87.251816,7.6069503,157.32117,21.798159,128.11232,1.3937069,120.63477,17.672264,68.291824,-0.97734916,75.808624,2.339423,59.22635,8.199768,47.211517,1.7226318,48.7201,4.2509713,39.389603,0.601482,41.221786,3.3043838,38.46414,1.2980385,47.26313,1.3668957,47.19121,-3.884016,40.78372,-0.8931715,39.50706,0.14978121,40.273994
Copy of metal5.mp3,metal,0.60281116,0.063812196,0.06461556,0.0009715463,2816.722225,596618.2471,3201.333054,490304.5141,5899.180995,3629323.234,0.05658695941,0.0007469536707,0.043937434,0.00024480323,-0.01180184655,0.004714890499,139.6748311,-207.19179,1301.5273,136.5298,486.9603,-40.85077,306.41293,49.546753,96.18531,8.643844,172.31305,25.296492,116.03619,-9.112739,89.20701,15.501829,89.27171,-4.694689,68.4466,5.2082477,87.31393,0.97730166,48.85094,-2.1780446,51.891544,-0.6727012,30.77395,0.47835103,32.742077,-1.5383717,25.265799,-4.654109,25.98131,-4.395927,28.627232,-5.2092323,32.66384,1.5529602,27.25275,-4.4074206,25.78954
Copy of progrock4.mp3,prog rock,0.48687714,0.07685249,0.15139738,0.009811554,2768.396466,3855313.861,2769.721881,524264.6749,5428.546764,8480720.887,0.0682264176,0.007797782603,0.11390471,0.0059540393,0.03742727674,0.007108305904,119.6808511,-206.85379,20116.465,135.90016,4886.3345,-35.642788,464.47662,45.013542,640.28406,2.2682571,87.341064,13.509508,158.9896,-3.2131584,49.950912,4.5887,91.898415,2.6543448,75.66079,0.4222807,49.467377,3.5241704,77.538895,1.5643724,54.058838,-0.4626703,52.958797,2.732537,44.291473,5.3006186,68.40779,-1.7512238,39.0608,-3.109417,58.039986,-3.7360392,42.499966,-1.1542926,43.43676,2.8392098,44.188164
Copy of progrock9.mp3,prog rock,0.59625024,0.058678057,0.14671345,0.0022606577,2925.414182,438841.7577,2914.311805,411254.7337,5532.758065,2077125.919,0.07209430129,0.0004292636837,0.103614785,0.00089359045,-0.0055771375,0.003007688468,86.53846154,-134.5594,2139.5186,147.90295,901.81055,-66.649895,220.24405,55.60577,226.31065,17.917383,346.81036,18.601902,200.13098,-3.6186476,77.21498,18.392359,50.117275,2.6845984,53.605076,8.449644,38.79779,10.140807,56.25145,0.79684955,33.69209,-0.24879076,48.75754,6.060428,28.69617,0.58077073,31.44152,-0.6730895,29.89794,1.0884742,38.995148,-2.0336988,33.75096,0.0077641145,32.4578,0.7096767,27.820738
Copy of progrock14.mp3,prog rock,0.49854314,0.07862484,0.27410114,0.009937716,2214.382752,549976.4702,2591.452211,666121.2295,4753.40459,2895441.687,0.04609495937,0.0003936851195,0.20791924,0.005648881,0.04425923254,0.01306193229,135.9991776,-91.7123,3450.8838,165.74182,817.2895,-45.464268,309.27063,49.967022,282.66565,12.405093,462.8755,14.916463,404.14856,-1.3440493,138.12267,18.116919,74.049225,-0.17848721,79.52649,2.4005294,68.86822,4.1314006,68.99946,10.874393,37.72692,3.8742063,32.1382,0.29709914,27.780392,-6.822383,38.287006,-1.5283532,49.466194,4.056596,29.289343,-8.4557,27.984411,2.7224197,25.081184,-0.31120542,37.602047
Copy of progrock1.mp3,prog rock,0.48733997,0.073311955,0.097692244,0.0012550286,2364.876146,753746.6284,3181.751834,584956.8967,5014.291904,4861282.041,0.03960997212,0.0002380276559,0.07395989,0.0006176195,0.03472552456,0.01212520778,160.7142857,-203.68204,7818.228,156.86386,834.3811,-29.942474,822.60016,47.63561,144.57356,3.568103,132.29277,23.510597,76.55022,-2.4585903,53.00284,13.646593,51.93242,-1.823895,53.039272,8.202458,46.7628,6.5086904,70.48016,5.591177,51.242172,-4.1953745,39.414787,3.2334516,37.648556,0.743612,43.698204,0.69179857,39.31945,-4.266679,43.647335,-1.403664,53.692642,1.6465104,44.148823,2.7869015,37.009148
Copy of progrock8.mp3,prog rock,0.47141427,0.08795512,0.14525527,0.004835324,3125.47079,612072.0618,3459.662939,359922.4611,6659.816033,3277856.504,0.05506868223,0.0005815067003,0.120799534,0.0036211815,-0.01100598506,0.007900042003,133.9285714,-163.81413,9333.712,129.09218,870.903,-41.01079,436.45166,50.928352,506.8699,-9.96319,128.20268,22.84753,244.94197,-8.923032,71.5848,14.83386,189.70488,0.080471024,85.279236,10.4917345,112.68872,9.5986,71.89302,4.9375033,68.63524,1.803494,59.44181,1.7147821,63.47721,8.849379,90.501945,-0.71124667,67.67995,3.8393652,82.902405,-5.0702066,101.1555,3.8213644,97.811874,0.2918021,60.62327
Copy of progrock6.mp3,prog rock,0.5737574,0.07330598,0.1946532,0.003861909,2412.510321,859234.5503,2821.160722,459064.1577,5120.556346,2819738.122,0.04462678857,0.00114272225,0.142215,0.0020432225,0.02044736963,0.004138878159,110.2941176,-139.9988,5318.541,154.69978,893.81586,-47.41989,402.90872,65.52669,307.7359,12.988471,390.7842,21.3309,104.50081,0.27733326,92.88039,9.884838,67.84828,1.8331373,60.117523,2.7065687,49.305363,7.077657,44.679222,0.8481995,35.180542,1.6691253,31.063705,-0.5948538,33.07053,-0.006194211,32.585373,-3.7636971,28.25996,-2.9205713,26.966223,-5.0065227,26.56325,-2.4845133,25.559645,-3.632694,22.937603
Copy of progrock2.mp3,prog rock,0.40626594,0.08116206,0.21618244,0.0041907663,2821.26091,691473.634,2658.999396,436162.7891,5349.190699,2223104.667,0.07856381088,0.001560655653,0.15792996,0.0018739334,-0.01505352894,0.0131241068,119.6808511,-93.10148,3789.5676,159.31459,629.3192,-74.76678,349.49872,51.183456,320.63272,0.12144724,165.90497,8.237276,486.20868,-11.179009,98.703674,0.70202625,171.24367,-8.45953,123.19714,1.232257,64.12035,7.578085,64.3285,-3.0597112,87.64672,1.6155093,61.51683,3.026954,55.926456,7.873049,72.57799,-1.0461185,66.12419,-3.6804366,75.71837,-5.316035,57.00972,3.8686922,43.81027,-0.97923905,51.89132
Copy of progrock5.mp3,prog rock,0.51882434,0.08923424,0.24342571,0.017189486,2672.745735,996236.2929,2747.3984,623644.9082,5504.000051,4410014.492,0.06338000224,0.001293501982,0.18153234,0.010464481,0.0030692988,0.009893646309,139.6748311,-111.98799,8263.748,149.82048,2058.337,-50.979942,667.53973,59.27692,339.7391,-2.7559912,267.77383,22.972387,200.40472,-7.8196044,123.70366,11.579952,87.4475,7.1345077,59.91182,-0.17044342,56.42665,10.439889,54.0089,-1.2955137,31.391983,9.119593,40.631126,1.382122,55.20957,6.7539697,57.105022,-5.439289,39.998028,-2.2666962,46.47643,-3.9484658,30.451275,-1.5108646,30.928665,-1.4325651,34.049553
Copy of progrock7.mp3,prog rock,0.45183817,0.07759521,0.16742721,0.002782478,2420.03128,159134.5283,2993.108498,188449.2607,4823.712498,1064426.553,0.05578575489,0.0002901306369,0.112995416,0.00075779634,0.02647725407,0.004297185382,126.0480183,-114.96401,2279.5354,151.95702,276.99377,-39.69976,171.6023,47.29916,63.415104,2.8269243,94.45515,23.473898,77.38872,-13.676135,66.75612,21.683874,64.99575,-3.3088515,39.280308,9.231082,40.724815,-3.2231176,30.581923,0.93822646,39.171257,-0.1874879,28.032574,2.834755,31.014929,8.577816,37.040882,-3.4688604,36.219555,-4.858566,45.00616,-2.5603714,44.611588,11.250657,36.728146,-6.6258206,24.920105
Copy of progrock3.mp3,prog rock,0.5153302,0.07783629,0.08721147,0.0047451686,2495.870789,370948.9915,2484.485059,577353.1919,4787.09896,1793969.121,0.06258054124,0.0003759886812,0.056720905,0.0016735803,0.001521191791,0.003732772017,125,-226.73003,16645.941,143.29173,2062.6118,-54.7788,585.1801,30.979303,684.4388,15.710416,396.82553,15.547287,381.55502,-2.0422745,63.60062,11.971377,76.87268,0.06839895,47.393417,0.55647844,33.29917,5.8131313,78.80833,-9.267278,47.409294,-2.1814947,93.30553,-2.0204797,36.568066,-0.4639826,46.1596,-3.065613,32.247757,-1.8347096,35.93591,-1.6889586,43.93727,-2.7250426,31.757704,0.46158877,31.30643
Copy of progrock12.mp3,prog rock,0.5264351,0.086445555,0.15307727,0.004996747,2794.789925,1068635.668,3251.264704,1320650.357,6176.876889,7323401.793,0.04975348133,0.0004235266676,0.11822336,0.00309487,-0.02998554274,0.005139808858,112.5,-149.751,6736.1387,139.44106,1242.8972,-40.41316,487.82074,42.097816,357.48785,7.913709,151.24802,22.556805,467.5167,-6.771933,88.22817,15.501683,110.677025,0.8435197,88.61937,5.678312,64.03871,2.8389492,41.728577,0.6796148,80.93747,-0.5954171,39.260727,3.6973119,55.577953,-3.590827,34.776188,1.1949492,38.513836,-0.63637453,39.12169,0.90260065,46.82473,1.5320793,49.273006,0.33379725,64.16003
Copy of progrock13.mp3,prog rock,0.5130061,0.09541889,0.08835328,0.006351263,2788.663934,2940356.381,2828.529243,2354489.61,5907.364279,13825291.83,0.06480365198,0.003670677989,0.06445107,0.0032938598,0.008452072469,0.004420996433,92.28515625,-231.03938,20850.947,115.0335,2748.069,-26.351072,696.4689,22.743181,1189.781,4.1444373,296.7596,23.273315,317.2956,-9.691306,113.28596,13.735486,156.75417,-4.3215175,66.80245,7.4307995,67.74799,-0.7304757,64.397125,0.5781983,114.30788,-2.5335407,85.22131,-1.1916791,48.385857,-3.5210502,55.345406,-8.024073,50.310684,-3.820935,70.6161,-9.031216,45.91132,-2.8899434,44.89709,-8.2486515,35.552105
Copy of progrock10.mp3,prog rock,0.5227719,0.075284146,0.19431493,0.008970459,2150.58667,567251.3634,2103.222622,415487.0429,4230.414593,1870981.294,0.05582254127,0.0008541233865,0.15459438,0.006020782,0.009011170242,0.02800490904,108.1730769,-146.98245,5024.5796,181.09055,1718.2179,-65.53712,329.5574,30.394358,278.0605,28.871515,354.7556,3.1977885,219.75737,8.2860565,66.037834,4.9252086,89.575554,-1.6692196,73.36173,-1.3736315,67.65065,5.2051725,53.650974,-0.15001552,51.329643,-1.6514696,42.399128,1.0193712,36.57951,-0.8014254,46.634888,0.18996584,29.214386,-4.5654426,42.382095,-5.669211,39.015434,-3.0063899,36.69827,-3.451305,32.567276
Copy of progrock11.mp3,prog rock,0.46519938,0.07665072,0.301691,0.0074913567,2264.11027,299994.6025,2779.347813,444006.7227,4598.724116,1273795.871,0.04449174313,0.0001826429642,0.23604815,0.004056062,0.04346041265,0.01437458869,108.1730769,-75.861916,2468.0427,171.23756,609.7963,-47.47811,126.27234,46.519085,91.55189,3.8481388,211.44818,9.390489,166.21864,-4.0381203,144.24545,14.447714,81.641655,3.0134168,103.244934,5.1185946,79.55312,-7.6027646,58.83298,5.0215816,61.219784,-1.3469456,48.9228,-1.8783247,57.93577,-2.2228625,42.250885,-0.47396755,40.652126,-1.3822012,42.392456,-4.3101482,49.687454,-0.119341284,58.833263,-6.425007,46.758804
Copy of punk6.mp3,punk,0.5933531,0.06331496,0.19954439,0.008000048,2093.724513,814032.9084,2544.284295,1117508.589,4577.730652,4982207.093,0.03793911299,0.0006004486437,0.15033776,0.0050797397,0.04790697013,0.009183390278,161.4990234,-132.84442,4595.5425,178.56296,1065.4336,-39.90859,551.9459,34.951603,519.72144,10.689153,487.59637,9.136406,773.9633,-11.778775,55.750576,15.236494,214.46974,-8.338959,65.53309,7.0459175,144.73206,-2.7259793,44.09775,0.1560291,92.4921,-3.9491417,36.59768,3.548432,47.661823,2.1921613,70.81986,-7.653155,45.533924,-3.0130692,71.58938,-4.5856857,34.362133,-0.2823747,61.178417,-6.7364144,23.92834
Copy of punk8.mp3,punk,0.6055593,0.05909019,0.15655454,0.0039491006,2842.909255,540866.1128,3032.760153,403887.1489,5653.282482,2927557.69,0.07204056967,0.0009229515407,0.08413236,0.0005060053,0.01370365066,0.001668072455,99.38401442,-111.49248,1759.2825,145.70927,437.85266,-55.040913,228.78539,50.812996,115.23215,1.939932,171.83899,21.340996,166.0282,-17.206722,118.60657,19.145489,62.494205,-3.5037189,67.72684,14.842719,39.90651,1.1746639,76.697815,5.895447,26.82694,6.457793,49.371666,-2.8006527,24.284346,0.91522795,29.864817,-1.8849514,22.687798,6.3273826,32.511337,-9.491657,23.036064,0.6802441,24.76071,-6.075594,27.095047
Copy of punk9.mp3,punk,0.5457394,0.09576836,0.20131902,0.017497731,2866.412964,2382386.902,3026.642262,1622065.067,6025.605231,8632226.909,0.06654249256,0.004028656518,0.1257156,0.0055037504,0.01033267019,0.002200289377,95.703125,-132.22794,21040.402,108.77939,2652.0586,-31.473022,239.88658,49.94959,525.0582,-9.237022,146.5869,21.445099,142.68779,-8.596824,66.97493,15.118424,72.71617,-3.8312473,69.16399,13.342783,73.59577,-1.0238028,57.864296,3.2949994,26.670868,1.9706389,21.06418,3.971756,21.690302,3.31229,24.870235,-3.6084332,23.10909,0.121668056,27.928911,-4.111483,32.277058,4.417438,33.831596,-6.32449,31.429134
Copy of punk19.mp3,punk,0.6782167,0.049158238,0.16003653,0.0046116654,5698.39719,4128151.629,4730.333088,717475.5866,11396.94775,10635982,0.1707181665,0.01229532287,0.10816025,0.0025874705,-0.0003954671074,0.003055497869,166.7086694,-102.082794,4409.7437,85.653145,1482.1947,-18.313404,262.27432,57.45038,193.2947,-0.5513591,387.8697,44.567406,150.7896,-34.525,100.47903,28.230093,104.693474,-17.104004,111.69725,26.08014,77.16277,-8.573953,68.08995,15.384717,38.054447,-0.29110318,32.007637,2.7791843,23.87652,1.39465,25.116154,-2.341813,32.410397,8.216875,35.139187,-4.745909,27.404034,9.800896,23.815573,-7.461758,26.735996
Copy of punk3.mp3,punk,0.63779074,0.05411489,0.2733137,0.0048583085,3097.819098,452244.3249,3612.36167,508429.7304,6482.122623,2986925.484,0.05710634082,0.0003974869115,0.20121644,0.0019437617,0.02015889827,0.005142608932,133.9285714,-47.572422,1206.1771,143.45872,547.7592,-44.201534,371.20807,38.84173,159.94292,-4.0530014,163.55566,27.183617,69.368515,-7.498775,91.82762,16.030743,80.61535,-2.9954214,48.10254,9.45919,43.68797,-0.6162116,52.27131,6.1457095,34.85892,-2.2577174,39.439167,7.6534047,36.873592,0.50322497,42.06902,2.7698877,26.732002,-4.8549075,26.73683,-2.0185173,24.18547,-4.4126496,27.051788,-1.5448965,22.024942
Copy of punk7.mp3,punk,0.6847908,0.04479648,0.15947013,0.0049492745,3367.666834,1386626.341,3724.699436,515670.4337,7249.706162,6770428.47,0.07489429391,0.003568765266,0.11040769,0.002283365,-0.0003533819652,0.002668561573,147.65625,-125.134445,4633.916,120.828285,967.3481,-28.415798,678.60693,56.849796,136.96078,3.0894911,200.2968,27.866056,87.94627,-15.052707,81.24267,24.357199,68.08964,-9.885239,51.49719,16.912054,38.77496,0.7565862,38.932415,10.085551,26.37434,2.6806018,27.817482,4.7296076,26.971375,5.0129123,28.813395,-2.3299112,23.287193,4.9052033,33.749435,-3.8950527,28.427643,5.0846686,26.358585,-4.863073,28.808104
Copy of punk1.mp3,punk,0.50192696,0.08497261,0.1583738,0.0078499755,1827.734487,728512.9865,1969.719536,617610.9429,3667.386157,2906037.436,0.04276296893,0.0007009880879,0.13114613,0.0058926996,-0.01924795431,0.01230098431,79.50721154,-198.65541,8511.987,164.1631,822.01666,-41.21604,1397.0574,39.813225,516.24023,29.785265,543.9931,6.505718,305.98456,0.7635905,121.44539,15.921146,90.698784,5.559316,85.78943,4.7724056,108.68963,-3.5271578,85.83307,-3.9974682,94.019684,-2.2007763,67.70448,-1.8007635,52.0904,-2.9476552,59.253723,-9.199795,47.265995,-7.365427,45.587883,-7.8656516,46.56253,-3.772504,52.158646,-6.147903,37.46462
Copy of punk5.mp3,punk,0.5905823,0.075050056,0.22879453,0.013561575,2530.775752,1537365.347,2875.210996,1311620.535,5372.309181,7779889.863,0.05080562627,0.001788939721,0.1709145,0.0078027616,0.02601728806,0.003950564668,107.6660156,-133.36174,13573.944,133.93013,1985.1157,-38.081257,673.6636,45.094704,560.4178,11.318082,412.40427,20.86733,568.0666,-7.0372334,196.30821,19.250843,115.92405,-4.936673,121.949234,12.515242,82.62547,1.2652156,59.374928,2.9920332,118.387215,3.056083,51.262966,5.461282,35.5835,3.1627843,57.44128,-1.1844282,34.899925,2.2883706,42.183655,-6.302747,39.183678,2.3071153,33.8397,-3.4394221,27.46227
Copy of punk4.mp3,punk,0.53823507,0.08225888,0.26982915,0.017464783,2283.186483,845160.5352,2756.040028,1031435.922,4731.996386,5075400.908,0.04021574322,0.0006814348695,0.23348007,0.013057974,0.04045755125,0.01213305105,90.66611842,-118.63233,10062.2705,150.04475,1365.8219,-39.003246,1035.4564,28.984835,418.68082,6.9905844,342.40887,19.514568,526.3118,-8.371526,117.40526,16.5402,170.13751,-2.97038,67.44763,9.881536,180.0332,-2.7312448,62.813347,2.1660519,80.89823,-1.4339356,43.23607,3.07287,57.5789,1.9202106,41.98162,-2.4153357,23.936193,0.07815372,32.770424,-6.186921,34.94123,1.9889332,31.119963,-6.20881,29.991295
Copy of punk2.mp3,punk,0.62280667,0.046259295,0.29175523,0.0037874111,3633.148079,1538802.85,3708.427759,595582.7593,7599.637379,6557103.151,0.08798831904,0.004404535009,0.23252963,0.0030068888,-0.0007647953386,0.006993399382,161.4990234,-36.6907,2769.7832,128.0536,898.16174,-51.75024,354.10413,47.109646,99.45127,-4.439279,176.58475,33.33043,107.61959,-19.940046,129.6163,34.43663,98.924484,-11.685822,80.43451,20.69059,67.0138,1.8647258,89.81406,14.038489,42.12342,-1.9325882,41.558746,8.672757,30.628618,3.9735055,26.782,0.90686,27.411953,-1.1127782,38.22151,-3.1445827,31.50992,7.166739,28.543737,-6.6787667,20.417725
Copy of punk18.mp3,punk,0.621917,0.05226153,0.1563681,0.006893623,4028.611019,4813629.506,3839.840638,878622.1995,8469.365454,12547916.09,0.1060813691,0.01343210179,0.11382356,0.0034379726,-0.005897765743,0.01264493292,120.1853198,-158.50108,13698.692,107.865135,3342.836,-19.909985,358.7911,52.568264,306.7964,2.4180748,343.78238,44.97428,244.32643,-26.524694,171.35458,14.321805,134.90344,-4.7042594,185.05159,16.288712,144.99342,7.618067,127.355484,6.7392716,56.359447,3.5011091,38.612198,-3.3777251,38.747665,-1.2059808,20.50686,-3.1924179,31.460575,5.9151063,32.15647,-1.7896544,41.10128,4.0146766,40.95208,-3.1311133,33.89773
Copy of punk15.mp3,punk,0.63529986,0.059900925,0.24226263,0.008611777,2571.54949,815911.8441,2882.828589,555858.5094,5410.492283,3891281.547,0.04675708688,0.0008250269462,0.19565682,0.006848117,0.0287006807,0.008636386017,161.4990234,-101.82366,4410.722,143.09464,955.0766,-46.902462,149.93687,56.592735,219.26111,5.359471,377.78424,23.648386,166.16121,-11.941408,71.42434,15.936185,56.93863,5.639209,59.802994,9.022611,46.30049,4.428121,46.041866,7.576093,30.14168,8.474366,27.489252,2.5501826,32.000854,4.626512,25.589579,-0.89326775,21.134012,7.3439183,26.55557,-2.4562912,23.532986,2.088962,22.731876,0.989496,36.269344
Copy of punk12.mp3,punk,0.46734512,0.066840306,0.1731337,0.0014459906,2819.326143,550099.6309,2816.267983,182655.4123,5298.709626,1809517.024,0.07840050854,0.001165175524,0.12093457,0.0005810702,-0.00169596453,0.00754914684,172.265625,-88.15129,610.62463,148.92116,572.568,-64.05953,82.1731,59.231533,36.639282,0.95167965,87.72694,19.889172,71.47096,-14.078411,55.323772,15.754655,59.632473,-0.68543285,57.205338,10.084008,52.527912,4.084678,36.426624,9.277742,24.309988,0.9010883,21.241808,2.7647996,23.050516,4.971894,23.143057,-8.774287,25.672935,-2.0362232,25.239655,-6.5697393,21.183464,3.332924,25.971457,-2.1014657,25.867653
Copy of punk10.mp3,punk,0.6305748,0.06791377,0.20695588,0.011831933,2614.873668,1394812.7,2610.726252,699029.0741,5200.401887,4443175.52,0.06440456142,0.00294821176,0.15165734,0.007038403,0.01473126994,0.001725885071,156.6051136,-120.27404,10805.719,136.8984,2629.9485,-61.609062,422.10028,43.465313,184.25883,-0.89435655,191.54218,16.654795,213.53575,-1.1402128,244.74309,16.534872,165.602,-0.93382317,117.39451,9.199843,122.015236,6.523417,96.86796,-1.8581833,46.65821,7.147045,41.260887,0.7109818,34.973984,3.80032,32.603973,2.6557143,34.89248,0.13287078,24.26981,-0.7801116,36.37814,5.2441535,28.014389,1.5347927,32.163193
Copy of punk13.mp3,punk,0.46576098,0.07902866,0.15931214,0.004876004,2278.024406,254400.337,3169.676087,118205.8499,4710.804848,1806700.997,0.03690038155,0.0005228612271,0.1047077,0.00064148306,0.006658632014,0.002085048396,120.1853198,-145.69037,4565.0327,150.74245,705.37885,-18.984467,378.1606,37.911366,182.9212,0.59851176,96.916084,25.337486,93.641594,-15.095153,56.893723,13.10162,47.51798,-11.288127,29.368227,2.4098642,42.229458,-5.8048677,34.31498,5.1129766,40.43041,0.7634604,33.958496,-0.9911737,30.627289,1.96397,29.603075,-12.335345,35.6339,-8.864738,27.731,-10.448965,30.376778,1.1790913,30.416916,-6.4086127,27.602879
Copy of punk17.mp3,punk,0.5866841,0.08294141,0.20944469,0.015778385,2795.008007,2397360.141,3059.792843,1182393.782,5876.189467,7543812.35,0.05986981938,0.005550112036,0.14642873,0.005916632,0.01630469069,0.003961619117,139.6748311,-132.03207,15737.326,115.47049,2594.2231,-31.609653,172.79071,51.398796,493.50146,-2.035676,212.69539,23.156681,143.47618,-8.745768,71.720146,14.594437,73.1827,-3.6679106,65.1766,14.322852,80.758865,1.0339503,54.86911,3.0795789,37.45929,1.5975164,24.689644,3.6943884,26.780294,3.3968291,24.442987,-4.0196013,26.39919,0.06906156,30.155254,-3.8852043,35.479053,5.489136,35.66613,-5.2673335,26.776596
Copy of punk16.mp3,punk,0.5953329,0.073702216,0.19923982,0.012882956,3128.145786,3270907.366,3283.014461,741729.4271,6368.378158,9415503.818,0.07399086022,0.008608424916,0.16511163,0.009375516,0.01062964024,0.005264231362,99.38401442,-170.21394,21925.213,114.49637,3314.936,-26.93593,516.5839,50.466393,454.39102,-0.069456354,202.80621,19.469774,159.89677,-7.5126452,103.69287,20.50026,116.770355,-3.333369,101.60542,9.086196,80.37971,-0.28019857,57.177944,8.408687,51.43092,5.8466463,67.03246,1.2262316,28.072,4.22085,30.583153,-3.5970984,30.067812,2.551717,28.04298,-6.246158,27.440807,2.9913557,31.252413,-3.5267224,28.511305
Copy of punk14.mp3,punk,0.552937,0.06498763,0.093847476,0.001123638,3280.507964,640021.9351,3490.058191,456148.0474,7006.174301,3783376.284,0.07736857978,0.0007981792469,0.060556076,0.0002666264,0.02458124308,0.005800671771,87.59269068,-145.16745,3146.6414,130.93433,475.27448,-39.51668,132.91281,59.714314,138.3498,-6.983493,73.551956,21.691257,78.27991,-26.309502,127.047356,14.77561,91.231995,-6.4642816,51.97259,13.320462,72.33966,-3.9098387,54.87593,3.7883599,37.6751,2.2869864,30.100954,1.2521406,32.31084,-0.8823964,22.998919,-5.483886,23.845497,0.6670527,26.57287,-9.869343,25.587498,2.9029312,28.73045,-6.3612905,24.39158
Copy of punk11.mp3,punk,0.61773014,0.055707816,0.18280283,0.007998088,2843.774082,1177934.511,3323.759784,970122.7697,6322.995099,6603332.113,0.05910338411,0.0009795728168,0.12060329,0.002606032,0.01392597702,0.005162225676,107.6660156,-112.010414,8447.583,143.86382,1276.1691,-24.666336,721.9709,40.933,479.51974,-5.4689775,190.41678,29.572859,100.17413,-15.323888,158.74194,20.717989,83.28453,-5.593461,59.205048,10.518511,47.509525,-1.2292,35.196648,4.5723195,42.98629,-0.49579996,29.829702,4.6546545,45.636036,6.266918,49.26665,-4.2986274,33.77324,1.3185588,38.784626,-4.793381,42.281406,5.433387,28.268835,-5.1042776,35.275597
Copy of reggae5.mp3,reggae,0.45028815,0.10143361,0.039779924,0.0016031868,2159.316864,1115990.644,2576.504885,439668.6074,4658.046833,6575554.764,0.04364580562,0.001081387028,0.033667445,0.0012059751,0.02941604609,0.02559304622,143.5546875,-366.2414,11899.359,120.509224,1122.2023,-8.499703,1165.47,30.305607,489.2585,9.760139,402.00815,22.79273,107.449196,10.723034,104.06417,4.483491,55.54885,2.5775778,43.23586,-9.923337,120.60074,-2.9045222,69.006516,-12.540365,107.699585,-6.4787326,62.70177,-7.781539,52.89417,-7.1678915,58.060394,-2.8233051,44.206875,-8.469005,63.993736,-6.126182,44.146286,-10.479085,51.638775,-4.7983527,45.181107
Copy of reggae8.mp3,reggae,0.3797817,0.113488555,0.043444216,0.005177155,2301.139416,3264326.194,2661.718007,2004785.582,4672.680078,15678706.81,0.05669750296,0.004238808481,0.038370308,0.0041313726,-0.002614262466,0.03955266376,135.9991776,-404.06836,10747.031,64.23148,2374.4182,11.3484,680.29095,13.262832,464.815,3.9171484,201.52075,7.1112185,134.86395,6.9708514,104.128075,8.949902,99.1364,1.9666064,66.09393,3.6166139,68.43705,3.3835638,59.12564,-2.6241734,89.99209,-4.059086,70.31259,-6.6410503,81.9479,-8.867492,89.72125,-6.8417606,48.98375,-4.8357363,52.327587,-4.980261,63.93863,-6.849408,54.93248,-10.823906,87.10233
Copy of reggae2.mp3,reggae,0.4228735,0.0872355,0.16955559,0.0035603172,2706.681809,1552236.405,3257.751304,1053816.408,6031.988525,9710889.873,0.05638590243,0.001890256197,0.14013918,0.0028134342,0.04565409044,0.02190015361,99.38401442,-153.31714,6226.853,146.9025,1633.4137,-23.114153,573.5697,45.763958,380.77274,-6.216609,335.82654,34.405617,261.04285,-9.1007595,220.3359,14.344355,168.01472,-8.616993,126.5033,8.663624,106.50124,-5.8789344,64.89478,4.6255984,64.62909,0.59580904,49.789352,-3.8422859,52.336308,-4.756464,39.967342,-8.711068,58.18386,0.97244275,36.01802,-5.6780305,45.414738,1.2754041,44.276043,-5.282982,47.5856
Copy of reggae1.mp3,reggae,0.35243845,0.09682734,0.048899516,0.0006972799,2354.23196,680660.9339,2536.115814,442817.6506,4405.631693,3635932.506,0.06182464505,0.001109603638,0.039473683,0.0005654833,0.03635143171,0.01887887595,161.4990234,-283.48944,3938.599,149.08998,983.8275,-48.094448,441.42682,29.222408,256.63477,4.87203,379.6499,10.402636,162.71034,-21.896687,231.51811,-2.8983004,148.99875,-5.400988,169.52007,1.8131992,95.719215,-1.3100306,77.97863,-5.575302,75.22303,-1.2713916,65.61433,-6.067781,75.23787,-1.4704444,110.012115,-3.8959398,128.89476,3.1704361,108.51318,1.2185217,86.59166,1.3825157,97.47355,-3.5552354,79.95075
Copy of reggae6.mp3,reggae,0.40827265,0.09429296,0.07597536,0.0011393386,966.2979853,511290.9077,1613.07113,841539.7775,1804.82242,3789035.651,0.01903219784,0.0001309799837,0.062220015,0.0006514319,-0.03536725471,0.01420339576,147.65625,-334.16656,4378.747,180.34117,1317.8529,30.96332,855.7564,30.363153,415.82562,21.824587,322.90594,8.4195595,114.66251,1.0639583,109.192604,0.8615494,89.506676,-1.9257141,89.48692,0.4065668,103.65346,-3.7024202,77.92469,-1.1148715,76.7674,-1.4329284,71.53241,1.623439,78.24298,-0.18691908,103.91417,-0.19151722,121.371056,0.09986119,71.2317,-5.150329,70.301025,-0.5902979,74.962524,-1.514772,85.85337
Copy of reggae7.mp3,reggae,0.49427786,0.09213334,0.09945782,0.007883686,2923.32935,2290029.865,2953.93402,748719.4397,5819.931474,8115169.837,0.07989709813,0.004548223102,0.07243467,0.005182381,-0.004784659359,0.009611670466,147.65625,-255.05116,11807.476,112.782555,1764.4276,-28.450294,845.0506,44.193172,434.8239,4.7863092,776.02625,8.044177,280.73898,-8.496621,201.20575,8.052999,187.80353,-4.5443573,142.78401,0.34077835,105.9717,-4.694326,120.79205,-3.7552917,62.979282,-5.8437076,64.84199,-5.358269,58.79888,1.3229176,78.76619,-7.006217,99.248985,-1.4626513,72.85949,-5.6974564,74.913376,-4.4006085,80.47924,-10.216464,61.688442
Copy of reggae15.mp3,reggae,0.58553,0.087700084,0.07726752,0.004388973,1657.412707,1104990.016,1876.824974,774101.9046,3216.07222,4964475.262,0.04364807318,0.001931498427,0.064988606,0.0037712571,-0.001133722444,0.007596043725,161.4990234,-297.5553,5164.2275,150.44118,1255.4355,-18.057793,1738.3658,7.137272,1604.6711,13.422711,616.45685,7.3794413,488.52158,-8.669831,339.80756,3.9648414,153.22636,8.494552,126.000145,2.2044098,101.95477,8.551428,72.01344,6.4603553,61.941345,3.0849285,90.69278,0.15637113,82.080475,0.54077905,50.132725,2.82124,70.66124,5.347012,52.922207,3.8557854,40.553707,4.1371174,37.845287,4.788836,32.495625
Copy of reggae10.mp3,reggae,0.4150104,0.09394444,0.10174708,0.0018180974,2595.731547,1205688.673,3172.648654,761820.4733,5696.09889,7715217.162,0.05413327055,0.001653928493,0.08001633,0.0012936363,-0.02438983349,0.01227406683,87.59269068,-208.56526,8161.918,147.13889,1371.2798,-29.004662,557.4643,37.58858,454.1428,-5.5662384,297.9884,30.755358,269.8213,-13.845475,208.69449,18.800877,120.91355,-0.92255867,156.76666,8.632448,120.33966,-2.749392,118.526184,-0.045744717,82.99765,-2.7276025,74.455154,-2.7630517,50.324707,12.441229,70.717575,-1.7694485,60.239323,-2.5092976,71.56887,-9.692801,67.05463,-0.4939286,65.865654,1.021261,86.164085
Copy of reggae3.mp3,reggae,0.49495986,0.11140478,0.20247641,0.017946262,2906.804011,3127415.909,3091.196409,1475607.671,5963.088942,12522837.87,0.06775072411,0.004714342644,0.15947612,0.013505611,0.01783705896,0.01033477838,147.65625,-180.30574,14983.0205,107.34942,2884.1462,-23.35478,704.5632,45.85921,620.6018,6.357343,466.35724,29.906942,491.71594,-6.5145144,227.31068,10.566964,218.21974,-1.1815544,185.10008,13.764863,166.65344,-1.8731742,119.26033,2.9920752,126.469635,0.67029685,78.50354,0.21910782,81.93023,0.71079403,72.09474,-1.3314197,65.31651,4.990619,72.280914,-3.8099287,57.259335,3.914879,59.463394,-0.9251184,55.01856
Copy of reggae4.mp3,reggae,0.51615816,0.093252845,0.18235008,0.00893904,3488.216479,3669833.065,3440.944599,901416.8117,7082.723838,12910035.06,0.08311438782,0.005897174946,0.15208387,0.0066608465,-0.003898240893,0.0142744043,132.5120192,-183.57068,12923.024,94.878105,2033.4424,-12.441355,830.395,71.120026,665.0729,-3.68997,734.5357,28.075542,328.8543,-7.340743,351.14136,19.506681,165.69225,2.0520616,192.05061,7.440104,92.53444,1.6779372,88.92069,-0.20771183,80.37035,0.93664265,59.472286,-2.4850268,61.167255,1.1471308,50.37791,-3.9241729,54.070717,0.6284477,61.27045,-9.981502,118.50477,3.1714604,79.70926,-2.336706,76.90602
Copy of reggae11.mp3,reggae,0.35365,0.1144421,0.02475734,0.000852284,1587.62613,2292531.352,2138.411884,2293973.133,3365.171318,12069996.69,0.02653385316,0.001448759994,0.019825231,0.0005830638,0.0349311686,0.01798277886,161.4990234,-475.59583,19350.104,80.616005,3041.3413,12.117324,931.0139,30.457636,634.2605,8.42974,383.66843,14.304001,205.16858,5.64662,144.1892,10.165183,114.60248,-4.758617,122.25746,-3.0739455,60.864635,-1.6441516,44.176968,-4.057678,76.72369,-0.9337492,47.3964,0.42976066,37.47273,2.1612337,37.764935,-0.7140993,48.987007,-3.4140148,51.915386,-4.816759,39.435436,-4.92114,48.418846,-5.994791,63.77859
Copy of reggae14.mp3,reggae,0.40561956,0.096700385,0.10593459,0.005238328,1310.07796,269364.1606,1386.018986,128418.4343,2782.174843,1227391.889,0.03248147403,0.0004749686303,0.091803014,0.0051696002,-0.008555156072,0.02848174418,83.35433468,-260.249,6402.4297,181.13293,1280.7031,-29.881804,1250.4104,12.505029,183.73312,33.607662,84.75294,-11.537153,402.06497,3.6242056,68.57591,10.534653,48.291138,-8.02515,49.42018,1.4570341,49.009243,11.03854,47.09068,2.123715,58.485275,-3.0880198,32.973454,-2.5592356,37.364162,-4.349236,33.952103,-7.5173407,30.7379,-8.701081,32.06932,-7.4552484,27.621227,-8.607394,32.6259,-11.408671,34.45409
Copy of reggae13.mp3,reggae,0.3517135,0.09594388,0.0939525,0.002033989,1460.984143,67177.15712,1056.120131,27949.08019,2623.134138,206750.2504,0.06238114206,0.0004677777955,0.075437896,0.0015794294,0.04068836387,0.01923476782,135.9991776,-289.85583,3048.4443,227.91068,1323.0713,-52.626,594.93286,-44.768024,317.24738,42.38639,280.40842,2.876463,110.3842,-23.269163,118.205956,14.992895,153.02641,2.451332,74.152756,-24.557978,77.0205,2.2293897,78.83781,9.668348,44.049274,-18.548532,88.107574,-11.66073,77.674866,3.8676107,69.74101,-14.134119,73.787575,-13.687536,46.939453,11.529287,71.779625,4.875234,46.598354,-15.051934,77.18115
Copy of reggae12.mp3,reggae,0.4759616,0.103449866,0.16302814,0.011889505,1045.375609,201867.8708,1528.361978,80994.16264,2126.437142,1056242.894,0.01772154817,0.0004538351222,0.15224561,0.011209377,0.02090970128,0.03242804321,109.9567819,-261.64838,7575.3374,169.9747,1230.301,-14.244083,1640.6006,31.771997,152.65741,28.374865,282.7051,1.9587477,89.39699,14.26345,33.230675,3.7945964,54.189213,7.4472737,37.059265,3.849557,40.380444,-6.5416536,76.02575,7.5445857,25.16691,-1.4873074,39.419147,-6.5237536,65.82244,2.859474,34.23755,-8.875938,63.542423,-4.8318434,43.67172,3.032441,28.688627,-3.5413625,37.04041,-2.8938468,38.22032
Copy of rock5.mp3,rock,0.39303187,0.0779006,0.23188432,0.0041389237,2236.474185,226183.458,2542.953991,239602.5016,4344.032066,906928.4445,0.06015137475,0.0003866065861,0.17368075,0.0025203794,0.001125374843,0.01118371859,139.6748311,-88.439186,3788.3943,161.96898,742.1447,-53.27352,153.68898,47.696335,117.165565,5.841722,95.00986,20.42727,125.5621,-5.665628,58.185474,13.394152,66.41833,-9.333411,41.825172,5.568157,48.935577,3.190308,39.40112,1.0885786,35.87164,1.9726689,38.681488,-1.5759714,31.081728,4.786947,33.623737,-5.0983567,33.97609,-3.2818918,36.521145,-2.1937885,36.881516,7.8483176,29.767366,-7.361221,35.63447
Copy of rock10.mp3,rock,0.5587919,0.07512601,0.2833237,0.007012087,2351.453737,477700.3545,2793.062953,426491.1968,4918.686924,2472815.535,0.03838260993,0.0003268574867,0.22862482,0.0034652122,0.01324916645,0.00734079659,120.1853198,-93.13918,2028.791,151.2989,522.63025,-51.782276,288.57574,47.389996,179.17184,14.812177,337.03656,28.106697,196.56595,-1.358957,131.38,22.21331,72.99683,-1.7967474,57.508404,8.731243,50.262222,5.277707,46.868187,5.362881,41.598957,4.2214913,37.73522,3.229239,33.156322,3.8738496,34.205086,-3.328058,29.146086,-0.24065883,25.985977,-5.0842347,23.94121,1.5793687,31.062757,-4.628625,26.447685
Copy of rock9.mp3,rock,0.5567553,0.06568726,0.17682515,0.0028703588,2811.073954,1194385.67,3657.923253,328705.8867,6652.343108,5209278.276,0.04342679712,0.0019002114,0.1436175,0.0022287779,0.04259613296,0.01305510798,132.5120192,-151.14372,4569.057,131.00497,710.6237,-8.3594055,255.75906,66.99256,174.02977,-9.299604,106.82856,31.162842,79.87553,-7.88211,69.782394,24.476675,70.69889,-13.271176,42.2952,12.705952,56.643673,-2.7704563,57.28058,2.937847,39.66122,0.9033513,36.32462,-1.6483917,37.677044,2.0846584,39.688408,-8.05591,25.09498,0.4852672,26.123058,-8.655873,22.694515,4.3522153,31.31405,-6.6690736,21.086285
Copy of rock2.mp3,rock,0.41644856,0.09552377,0.19572014,0.0118891755,2316.116549,2755538.977,2924.098317,2188872.771,4924.207919,15240409.76,0.04678560617,0.002609622696,0.15578967,0.006398838,0.04744668565,0.02381283717,152.027027,-197.60986,11241.091,156.30856,3505.2493,4.5631533,774.2588,24.486073,528.63257,10.737606,369.0636,13.862662,174.63054,-1.1405294,110.768906,10.039879,79.92718,1.1207573,109.19362,5.836403,113.09707,-2.785782,86.45101,3.2022932,75.56984,-2.4921815,56.162815,-3.540003,81.393654,-5.504338,62.967472,-0.03521796,67.08415,-1.8757942,65.23843,-2.9064848,80.74977,-2.262865,73.421616,3.0713005,66.82609
Copy of rock1.mp3,rock,0.4999912,0.08678843,0.18456475,0.007297337,2497.864054,1445065.728,1970.954409,1434286.573,4536.03526,6755902.328,0.0777979748,0.00149547068,0.13617419,0.0048319073,0.01103704254,0.01022096719,96.98275862,-161.4662,11157.708,158.90129,2854.732,-75.75719,1665.7084,32.219593,524.3589,46.71562,941.7062,-2.3341968,397.75363,-6.853029,74.054474,4.9645267,211.19891,-10.087237,109.804565,7.4071493,105.51707,5.787499,58.21905,-2.6656897,48.21103,1.068241,37.85287,5.86964,42.404354,-2.4310007,56.340427,-3.298959,38.476765,-0.08548489,42.75786,-4.637188,37.677067,0.3474553,24.69074,-2.0942223,27.809078
Copy of rock4.mp3,rock,0.47471714,0.07059002,0.19878516,0.0023831304,1918.568783,284927.5773,2437.432115,367947.033,4014.967389,1373235.604,0.04039317978,0.0001435068476,0.15889667,0.0018766472,0.03431884516,0.01675738418,151.9990809,-131.19237,2412.649,180.53891,739.6957,-47.581867,145.58147,39.56754,145.82127,5.7582216,258.64157,15.675181,227.52112,1.0732675,122.13685,20.629,94.73687,-1.5180528,75.693016,13.280384,61.814205,6.017997,53.998024,6.2626657,39.760338,4.0283256,44.590958,0.27192882,41.693474,2.127541,47.994884,-2.225006,48.725826,0.9432798,48.74667,-4.745588,36.90059,2.9119089,36.12106,-2.395122,39.29702
Copy of rock7.mp3,rock,0.6222016,0.074512236,0.15880662,0.005659693,2527.117745,2124996.396,2721.788378,1145792.829,5333.934413,7009687.572,0.05640649943,0.004012124541,0.11631073,0.00332897,0.0118814822,0.006319027198,139.6748311,-169.64598,14040.632,139.4398,3552.8298,-43.35495,455.72113,43.10492,537.5886,0.16452022,510.4618,25.257145,344.40714,9.309655,202.31389,14.394861,121.59665,-0.16813935,73.79223,15.10142,80.69944,4.078328,66.78477,8.671529,54.86518,3.8911047,36.838596,3.584113,31.372002,3.0949457,24.57712,-1.5832034,24.706518,-0.6493658,30.39804,-5.163755,25.337202,2.7229154,22.634438,-4.419122,20.323792
Copy of rock3.mp3,rock,0.61422527,0.064507425,0.2053423,0.00831233,3160.164308,1933527.164,3275.533126,668063.2329,6664.118036,5434184.449,0.07623158741,0.005399426196,0.14601955,0.0039165528,0.04067744008,0.007552920594,126.0480183,-103.96027,17042.242,123.54421,2030.6478,-43.347595,237.62611,46.614124,293.92932,-7.979018,103.84464,41.284508,194.08965,-12.55178,59.869427,21.807247,68.676,-5.135503,39.844074,8.808161,32.167988,-0.8685861,38.184418,0.8774023,29.07724,0.16010362,23.981905,-1.4413867,23.526213,3.4171207,22.493887,-5.6778827,22.25159,3.931773,22.594294,-7.4464946,26.968512,5.84809,21.790321,-3.7909396,21.982718
Copy of rock8.mp3,rock,0.32276183,0.095767826,0.06941072,0.00061769463,2201.728846,914948.2385,2625.514219,576545.2101,4714.79649,3966165.163,0.04365846616,0.001010292107,0.05930724,0.00041183105,-0.03231114902,0.02749130239,151.9990809,-257.60696,5280.623,153.97548,1242.4742,-31.880579,473.53134,55.407295,413.39337,9.222718,333.5491,16.871513,228.51677,0.70244455,98.513084,8.436339,78.24638,-2.9080846,65.342926,1.1935904,53.886242,-0.7290397,53.615326,-2.300573,48.179234,-2.22886,43.383423,-3.3633854,38.68613,-3.829901,32.438343,-9.008932,38.895927,-3.7545276,49.021618,-5.6734805,62.12621,0.8605529,74.872,-2.02005,49.90697
Copy of rock6.mp3,rock,0.48472276,0.07914661,0.20887832,0.009597185,1753.410806,682279.595,2198.832587,585588.6337,3650.794591,2932269.312,0.03944137148,0.0006512742351,0.16275476,0.00539218,0.0455459461,0.01434684911,90.66611842,-153.00641,9089.346,164.85521,1753.7299,-28.87332,718.91833,41.85735,451.61136,16.499445,386.97452,13.7614765,198.11902,-1.0535966,124.827995,6.5903773,85.330666,-1.2108212,68.23066,-1.462219,63.817482,1.4002695,79.1045,-0.3276157,71.98127,0.9981701,38.53625,0.2513879,44.51017,1.3201058,42.94672,-1.8087814,35.697216,-3.745161,28.50524,-6.5899177,37.04279,-2.0944755,33.31802,-5.0957055,31.21785